"name","number","email"
"Vanya",1237097991,"vlawes0@usatoday.com"
"Moyra",6048336195,"mgawith1@home.pl"
"Thomasine",6413226307,"tkadar2@so-net.ne.jp"
"Debi",6014913025,"dgilfoyle3@amazonaws.com"
"Patricio",1531755518,"pbonicelli4@about.com"
"Kaiser",7853589530,"kcolquete5@imageshack.us"
"Lorene",7595107709,"lesseby6@globo.com"
"Ambur",2712068319,"agoulston7@addtoany.com"
"Horace",5229677856,"heastmond8@discuz.net"
"Renell",1007764503,"rmacginney9@dedecms.com"
"Lynea",7776370592,"lgrishelyova@businesswire.com"
"Rivkah",1094242691,"rtoffaninib@intel.com"
"Hatti",8142028263,"hsiblyc@amazonaws.com"
"Dore",4976411915,"dnodind@si.edu"
"Ripley",2672334218,"rnodine@ucoz.com"
"Aldous",9366731058,"afullef@sbwire.com"
"Cob",3363407181,"ctropmang@prlog.org"
"Gracie",373791275,"garonoffh@aol.com"
"Aldridge",3246010536,"aswadeni@topsy.com"
"Timothy",7793376854,"tlongmatej@themeforest.net"
"Ofella",9903530978,"okelwaybamberk@imageshack.us"
"Garrott",2121728767,"gcobbledickl@goodreads.com"
"Wynne",9335597813,"wjoinsonm@cmu.edu"
"Lurette",9371434139,"lfloryn@unc.edu"
"D'arcy",829845771,"dshanklino@craigslist.org"
"Skell",2539892574,"svischip@google.de"
"Zaneta",3465160290,"zhecksq@blogspot.com"
"Allistir",548840288,"abartalinr@globo.com"
"Buckie",5105258592,"blomanseys@free.fr"
"Jacintha",9152274659,"jcarnowt@smugmug.com"
"Con",4475485797,"cgilloranu@vinaora.com"
"Sasha",5786475077,"sbrimleyv@wix.com"
"Mattheus",360268838,"mcouchew@spiegel.de"
"Emily",8837137230,"ecrosslandx@tuttocitta.it"
"Janina",1516461096,"jmoley@cdbaby.com"
"Husein",3248954299,"hcliburnz@upenn.edu"
"Celeste",7518215330,"cgarley10@trellian.com"
"Amil",6881293321,"awhitmell11@quantcast.com"
"Horten",3330085592,"hkeggins12@addthis.com"
"Swen",6297354863,"stennock13@domainmarket.com"
"Gabriella",623608758,"gmccuish14@theatlantic.com"
"Trudey",5169630166,"tchatin15@is.gd"
"Constancy",929930649,"cfernandez16@wikia.com"
"Pierette",2735352900,"pjills17@blinklist.com"
"Libbie",3152492421,"lparsell18@sciencedaily.com"
"Lucius",1225044049,"lthorneloe19@constantcontact.com"
"Care",4694519115,"ctorr1a@sitemeter.com"
"Katina",1385684674,"kbossons1b@51.la"
"Christye",8522910456,"ctolfrey1c@latimes.com"
"Conny",6092721376,"clamberts1d@fda.gov"