name,email,image,number,company
Vanya,vlawes0@usatoday.com,"data:image/png;base64,iVBORw0KGgoAAAANSUhEUgAAABAAAAAQCAYAAAAf8/9hAAAABGdBTUEAAK/INwWK6QAAABl0RVh0U29mdHdhcmUAQWRvYmUgSW1hZ2VSZWFkeXHJZTwAAALqSURBVBgZpcFLaFxlGIDh9z/nTDJJJsmkM5OkOMlkSklT6w3FSxW0XooibioUKuK6qKBYXbgsqMULdFnRrWBd6KLSIBYjtcZaDW1C0zSxbdoG2lyaS0OSzplzzv9/nxNQEd0IPo9RVf6P4Pn3+rPFfOaHlsa6ImpABaeKSxKiKCFJEuJqRBRF2DDCVUPisMry/M3pqfHLTwWl9ubR7du6iuWODawTVdY5UUQUp4pzghPFOYcTJXGOMyPnNxyPVsaD23JNxUKjz4WpWaxznB69ykP39TE0fIF77ujGJsLwuats3drD4OAoXT3tOCf0FlspdG5sC4wBUSXlG5bWhIo1VFyKpUrC96cu4pwg6hHTQGTqWFxYoVRsw4pgjMHs/+ykejbEE8V4Ptvv3cLNuA4nghNFBKwTrAgtQYWBgSGitUVsnDB/fYXgl7Gpl/oK+n6utckvFIodfl2Dmb44zvTsIrF1WOtwTkgc7Hz8ATbfvkkmx1ZHZ1ZX5NL4rweNqrLu1YNHP3/wrvILfZtKtGYa2dLu8XefHD1LurGB+YU5Tg+N9h/+6OXnqPGo2f3Oke5cNrOro5AjdpCp51/y2WYmphZpy+ZIZfIP8wdvx5tfmHBp+cu+ckcaE4DxaEkb/qlj/Cse/eZFej64m93Dr7V9+MSd31JjVJW3Pj3hnry/15tbVcqdzTyyOUPg8ZdrRw6xdPIwvY/tor68jfDsMcZ+/E6XJ86/HlBTjcWbWVhmcuYW1SjPwKkxwmqMdUKUOHYOHOCZvftITx6HE+/S2JqlXCqZM7/pGwE1NklInBBby8TlazhRrBXEKdYKLWs3SHeW4dl9/CnYvxFfTE9ATTWOCcOYrnw9zgaIKuIEay2qKcLmHJWRfpq+foUonKUCrK74OJ/pgJorI+cmKjfm+1LpJsRZRARJHGpjxCqp7A7yPw9SyjUQ+ClW5y1X5jxV5JBRVf6Ln/Z0v31raXqv70zJ+Xpd4eOnj9kDvwPD/42l5s+BKQAAAABJRU5ErkJggg==",1237097991,Skaboo
Moyra,mgawith1@home.pl,"data:image/png;base64,iVBORw0KGgoAAAANSUhEUgAAABAAAAAQCAYAAAAf8/9hAAAABGdBTUEAAK/INwWK6QAAABl0RVh0U29mdHdhcmUAQWRvYmUgSW1hZ2VSZWFkeXHJZTwAAAKkSURBVDjLdZPfS5NRGMf9B/wL+keCbr3wStArL/RKEdQLCxGEGqLJgkQx0A31IsUmKRbohSxds2Ws0ja3ynLzR20sdb1be3/YptPt03OmSRN64fOel/f5Pt/znPOcUwFU/Ev9A/ctYUQICpqQESKCU8Wu6/9NrBQcQv5FIMbnuMG31Ck/rDMS6WNWgnFU7FJTWWZwmex2rUY4LxRJGPB83eTZR5N36VNyIioIKqY0SvvX5K+BQwX0PKXHEvW0T2fS/4uwXqAo/2TAKFzEL00cJQP5uCkUYuk8029TRFMXoqVADufLFLvHlCo4kpcl46miWFQGBZVbmn1Z1rf00WDCpzG2qvEpATtH8DZqyXJOSJ9AUgwMKSVzDqawfLEnDmUQCsd0pt78FIMkzldJFoMGc2u7SnComH+zhyVJTqeTr9oZ4R/nhGOGioeUQWor8VtmTjImyeNi8n7PUsED4cYlB+MTE3i9XoYejTC3npYqs0qTujJwepM4PEeMeA5Z3y83eDw5ic/nwzAMPB4P9+0PCcWsK4NQ6HsGh/ewlDz7QZeNLKLKVuW7XC78fj+WZbG1tUUmk2FhYYG7th7q7Uvhq0307+cIJyGehT1T0GFmZoaNjQ2y2SzxeJxIJEI0GkXXdZRxc3MzV23MS2uS0qPtDAQO4XUMpqafMCFrHx0dZXh4mIGBAex2O729vdy+fYeGhsZs2UHSpF1hDdYkeXmnyOKXM+bDOWaDWVwbFk8DJuuxfPlBun6UE2aRTalgZeecwcFB+vr6sNlsdHV10d7eTmtrK42NjdTW1uZqamr472UKfjfo7+/H7XZjmibb29sEAgE2NzfRNI2hoSGqq6vLr+b163zP1lPs7u6ms7OTjo4O2traaGlpoampibq6urOqqqrjPwDsCp2+T9HiAAAAAElFTkSuQmCC",6048336195,Yombu
Thomasine,tkadar2@so-net.ne.jp,"data:image/png;base64,iVBORw0KGgoAAAANSUhEUgAAABAAAAAQCAYAAAAf8/9hAAAABGdBTUEAAK/INwWK6QAAABl0RVh0U29mdHdhcmUAQWRvYmUgSW1hZ2VSZWFkeXHJZTwAAAH0SURBVDjLxZPPS1RxFMU/7800vglR0hkNRDKHUAwpgyxSiSgwsiFqEbRIWkW47l+IYNa1aOGqoFYJYRiBkeAwYQjmj5GBHJOyVAYZR6b3Zt73e78tZMDKnQsPXDjcczlwL+daxhj2A5t94uANghUST6SiwHMR6RQtIa00O6UcpZSvfbWgfP3o89Nb7/Y0AFK97ZHY6ZYj2FhoEZSABZSVJru61fti7MtbIPCfQTyRqg7axJzNBV5OLHIxfo/ZqQl8bVhd+Ur31btkUyNszGVsuP33CvFE6qiIjHa11vNtNklNQwsFV1H0FGvfsygxbBUVoqGpoYbmSw9NVaQto5W+sTzyIGNdezz5uq8tevNCe5SldY980aeshLIylHyh5O/w2sMBYo1hlIZPM0u8n5ibWnkzdC4oWgbOnoiQ+elScBUlJZR9oayEkm92zHyh8Ntnec1FDPSebOFjarG7+fqTuqBWOmQMFH/MMPbqGaEqhzN9A5w6348Sg9KCFlian2JydJhgKMyv8H1ChwJ4HtVW15U7Rm2vo7Y3iEbqsG2b9Vweq7YV4+aoRN0qbRKN1CMi5PJFtNOE29h/zKoMdHR0ZHt6eo47jsP4+Ph8Op3u3H3tiu55HtPT0x/S6fTlf3MwmEwmE4ALDO8Rut36UKVpHfg3/gGTgwnlYQ1oPAAAAABJRU5ErkJggg==",6413226307,Avamba
Debi,dgilfoyle3@amazonaws.com,"data:image/png;base64,iVBORw0KGgoAAAANSUhEUgAAABAAAAAQCAYAAAAf8/9hAAAABGdBTUEAAK/INwWK6QAAABl0RVh0U29mdHdhcmUAQWRvYmUgSW1hZ2VSZWFkeXHJZTwAAAHiSURBVDjLpZPNaxNBGMb33/DWoxcPngr+B4pQggdL8WNbaxQbGtugkESE0IZEkiYhpC2GtJQatKW5pFYl2yrKCrZVrMYo2jbHfJElm/1IPJXHmdklbZGURBd+PPO++84zM+/ucAC4/4GzjC2PTKXzuvvZPlxPCcldOBd/4v7Cd9ybz8Exl8V4fAd3H3+GfeYjbLEtuOLvdTqPGXhT+YNopoxusUfeHTADuvK/YA28BTNwJffQbDa75obvtWHgfPILjUYDOkOHrutsLIpiWxqkhvcKpgFpmKqq6J/IttBITAvbPZqm4ZrnlWFAu11XFCh1glI3VTnRgL6/8vCFYUA/Va0mQ5Zlpgy5RrRGcoYeIht5wsCDVcPAkfgKSZJQNaFjqSr9de54KozxmauwhvrAPzoPi3PMMLDPfkKlUjnWAxofPcLzD0vwrAxiLTeNL0UB4fU7uBw+g96RU0FuNLaNUqlEKJtqcNRgKHAB6W8RpH9EWRzcuInwxi1q8JuzRTdRKBQJBRQJhRbFll50n8XLXOJYI1ez09QA9C4s3w6J7M8a9r/BoHcd1ycypMtrrFH97jTO2XoQEIbgE3g22ZfhD3fQyY0jhZOXgqcxJQyzlanSmPWg02tLiv0ElW7bVD/N/wGu4yJFlYuLaQAAAABJRU5ErkJggg==",6014913025,Wordware
Patricio,pbonicelli4@about.com,"data:image/png;base64,iVBORw0KGgoAAAANSUhEUgAAABAAAAAQCAYAAAAf8/9hAAAABGdBTUEAAK/INwWK6QAAABl0RVh0U29mdHdhcmUAQWRvYmUgSW1hZ2VSZWFkeXHJZTwAAALQSURBVBgZBcFfaJVlHADg532/bzvNo9MtY1oXRlRWsCREIlFXoaBmUEIkaH9uCsokEIK6qbtg4UVBIN0kFETQnVQ3FmXOxMwg1BApA9GdTdFJbLqzc87763lSRNjy/i+vDgw2dudkLe5AAgmRiKJbyj83r8eP6b+Zd44d3LEAkCLC9g+PH/ty39qHc07LgkoAEAHh2mzHV7/fNHWpfeuvs+eHJw7uaEMNuUqr++tq2bmrqpwSiSj0ouh2w+1Oz5MPLPH4g7WT5dqiKA/NjL313dDRT59pZ0gpLY6Iqr/K+jJ1ospUiZTIEoqVg/12rFvp3vsbA/Vg8xBkCBJk5EROSU5JTklOSa6S1o3bVi3ueGQ4ee2JO1V91QtQA0RQVyRJpKT0gpzUFf2R/X09LJSuUhZsvK8h1bkLNUQQqFMWQiDlJCEKUWX6ySUppRIyKYMaAgUpkSSBQBT6KkDKUi+JHAoigBpKlwgKEiIC5IyS1FUQiSAkvUKvADWUEiKCYL5927k/jpu8eMby4SFTV69b9/ROA0uGHDt8yMhdQ36dmTE0O1iPjb3brKFX6AWdhY4jh7/WiFkv79ltbm7O5cuX/Tbxrap/wM7nnlXXlVarpe/06frI+cEPaijdUCK8980xq69d9NKeXd7+6HOzF064e+UKo6OjWlf+deDAKZOtKevXrze2aaNLly69nqHb7en1qKfOGh5sgqde2W9+oWPXrl02bNhg27Zttm7d6la7440394GlS5c2aui2S+mWEnnpinS5dRL8dGhc9HrGx8c1m00wNzcnlfDJxwdiy+bN6cqVK/M1dOZ7083+avn+7WuaX3x2NE/8fNSLY4+yadT09LQLFy5oNBpWrVplZGREztnEiVO9ycnJqRQR1u39YW+3E88n8VhemF68/Mb3ffeMLEuNRp+EM3OrO920KNYs+rM/KdFuL5RWa3rm1uzMlv8B/jBGW3bkYMYAAAAASUVORK5CYII=",1531755518,Livefish
Kaiser,kcolquete5@imageshack.us,"data:image/png;base64,iVBORw0KGgoAAAANSUhEUgAAABAAAAAQCAYAAAAf8/9hAAAABGdBTUEAAK/INwWK6QAAABl0RVh0U29mdHdhcmUAQWRvYmUgSW1hZ2VSZWFkeXHJZTwAAAFySURBVBgZpcE7a1RBGMfh3xwnRziwBlOoBEG28FYriMSU9oKkTop8AcFWEKystRDEL2BnIVbapdVC8EbAYCEokgsL2T05M+/fd9CFRTcYyfMESRxGxK08fHMLOANcAy6BhAiYqKpAFcDMsMz2TNT6+dPHLmPi9s0LAUksP3j9WP/p/tN3ckR+WcQ9WdtkTOxvdWGOD1+2W1ykMJ3it7MnjlKEwFQfv7UUw1FX4yJOUoMT8Ol7y0Eo54CLOJkibnVhjoOybBQRJ1PALd19ycgMEzy/d53PX3eYpj8/iyxTVDiZUfwYdly5eJLNYWKs19T0mppeU9NrasaUMkWFk4liMMp0ErttYlKXRZfFJLNEUeGCGUXbdgy7TB51/IvSHkXECTEm8ZeZI4E/SYki4iyZgIB7sbbBpMHuHtPIJFzEZbMNoP/20Q0m9edn2Y+kLVykyPZs6c6rc5KuYnbcLIEMWUaWQBmZIQmQwAZQvccFSRzGT6Th9AjEKBwhAAAAAElFTkSuQmCC",7853589530,Quimba
Lorene,lesseby6@globo.com,"data:image/png;base64,iVBORw0KGgoAAAANSUhEUgAAABAAAAAQCAYAAAAf8/9hAAAABGdBTUEAAK/INwWK6QAAABl0RVh0U29mdHdhcmUAQWRvYmUgSW1hZ2VSZWFkeXHJZTwAAAJzSURBVDjLpZNLbxJRFMf7AfwEfA5YunTDTnwk3RlfMWFj4qKpKyfV2EVjhMwAUUyb1gYqCdWgQmqkRToFaRoLBcoUEGiB8hoQpgzPcpxzgREfO2/y39yc/++87p0CgKlJXTKCQpJKklrS9Ejq0Z3iz/hJ4wVJyofrda1954Tx78fZg8ghHwpH+e29GPvGk2JmbFUtxmDsb4CR+aLVm6dCh0muUKmDIHahdz4gajQ7kCtWwbcX5hY3khTGjiFjgBLN4dh3odXuAR6x04eq0AVe0lm7T+4EsQPbgaBgdh4hREkA2BeWjZnHZsduCYo/OlCoDZWvtSFXbcuQjU0fd3+1gO0oEKCys8cMlo2nXO/A1SdeeBcoymbNnAfuGiOkGjyx1CnQNj+DXgSofd+OWOwZS0XTlcdeSR5Y9xchy7ckwBYBVBpdqDd7UKqJsLT2nkUvAqaDBxEeh4UBCMCMqOvzfmCcGdBQW3DHECbVnVRa0Omdw6pljUcvAeyHwgSAAdgrmq893SGZDa5juPzIDbeZISBTbklVdGFp+bUMUH/ZjbI1oQ0NsUcyELOUFStKFUUJ8JkAcLC4mXi2BrTZIregsrgTTCZXgcEASAYN5SbmZEEkQvNNOkza6/YHsPk1CpTpozxExQNrWev2Bji+3pI3gcbEaRPi+aa8TjQnpOz6FyvcLVN8uMbxQ6LfhijHJ69QqJ6RSmpnPVJNuiSS9aE5nq2CzmwVZmnnr4c0+ZQXLAFqxebg/MEEZAp1MhPsOZrmweUNwQK9yM3oP/z9lCc/071Xae3cSxfzzLjM0gYT/1zP8PM6MzurszM3mNi/P9P/fOefb4UIeuRftTUAAAAASUVORK5CYII=",7595107709,Roodel
Ambur,agoulston7@addtoany.com,"data:image/png;base64,iVBORw0KGgoAAAANSUhEUgAAABAAAAAQCAYAAAAf8/9hAAAABGdBTUEAAK/INwWK6QAAABl0RVh0U29mdHdhcmUAQWRvYmUgSW1hZ2VSZWFkeXHJZTwAAAKvSURBVDjLpZJdSFNhGMcnIX4GhglGKHlRemHhYBoSiEkgZhgaIjqwNaqBGuxiF5FFhDOHzRmZlGBdhI5SopQInZOJtXkTKGYyN+fm5s7mOW7HtjHHhv17zynLqDDowMN7znOe/+/5egUABP9jewY4VlePOp3OG3a7/YnVaq32er37/hlgXlq65fF6wbIsb263G2azmZqdnU3fE/Bhbq7d7fEgGo0iEokgGAwiHA7D7/eDAFjjzEziXwEGo/Gu3eXixaFQiM/OMAzW19d5kNVmw3uTSfFHgMFgUFpIACfmgrmMnJj0zrfAGbOxAcP0tO83gHVgoI3S6xElgkAgAJ/Px4s9pJW1tTU4HA7YCJzzj01O4heAp7W1LTg0hNjUFLY6O7FpMICmaVAUBRdph2wBy8vLPJBsBi9HR5d+AKz19TK2vx8xQt1SqRBsacFnqRT04CDICrGysgKyQqwSITeHsfFxPNNqs3iAMTs7wdbUhBhxhpVKBMj7pkQCf10dmKoquNRqWCwWvJh4CsXji7iqOY8G5elwxfUTN3nAWE7OMbtcjujwMAIyGTYbG+GrrQVTWQlvWRmo4mJou67hzvAlvFnoxRylQ/dEE+q6j+Nk8yG14Hlm5pFFki3S1wdWLIavpgZ0RQW8paWgiopAE4C0/QxGPt7HyOIDbnBQ66+gWy/jAFuCntTUuNd5efOMXP4lpFCALi+Hp6QEbpEINAGwhYU41yrE24V+7H5G53s5wLcN9KSlHTSJRE5GLI6GGhpAE0CAVOAXCvEpPx+nmg9H7+mk6NBJeHHHuORnBTtr1KSkHBjIyHi1WFDAuoXCbVtu7va7rKyYNj39LAlUXlDnoUt3mc/Mndw3P4PdF+l2fHycJjFR9Cg5WfEwKalak5Cwf+cfCVYRC3Blfz9VnP8rovbZoQ8oWiIAAAAASUVORK5CYII=",2712068319,Blogtags
Horace,heastmond8@discuz.net,"data:image/png;base64,iVBORw0KGgoAAAANSUhEUgAAABAAAAAQCAYAAAAf8/9hAAAABGdBTUEAAK/INwWK6QAAABl0RVh0U29mdHdhcmUAQWRvYmUgSW1hZ2VSZWFkeXHJZTwAAAJYSURBVDjLY/j//z8DJRhMmJQd+x89/W4IRQbY1x5L8590dzmy5PuIqC4gfvA+PPIyEMfhNqD06H+L9gfG9p33/jr23OMEiX30DTj8yT/oFxCf+hAYfBeIfwPxIyBWwjSg5Mh/tYZHzDr1D34aND7Y9tXOsf2Lg/O/z85uNjCFn908lT56eH985xXwzXvygwYUA4yLD/9Xcm+QlS572JWesP7XVyOL79/MLKci22Rc/6DXvPH+X8um+79t2u7/tOu4/w9ugFHxof8wha+1LP89NHT9iaxZIf/BCpWie7/Vi+/N/25kqvrN2Oz/suiO6QgDig6ADfgtJrX0p6TMb1u/Xd+5Eh9M4k16yCyQdH+HYOK9H6JJd+tgBv7U0j3wXVvvA9wAg8J9/6sNAvT/8gr++8Mn1MYQ8aCFIfzBf6bwB3+Zwx/8Ywu7H44e+j8VVX4hDMjf+/8/I6v/fya2OyghHHCn3GuRw3TvJTZnPJdYnXVbbA436Le49Aa4Afp5u///ZGAJ+c3AIg5T4DXT0stjpuULj1nmD9xmW6x1nWu2z2W+6RenBcbxIHmga6XgBujl7vw/R1TDAabZscNommOn0UeHLsNFDj2GPDBxh37DDrtJ+u8x0oFu9vb/liU6khal2jPNS3UfAem3FmU6Gej+tqjX5rBo0rln1qI9GdWArG3/jTI0/Q0z1N3UAyxdgTQ4NQpreMjCFAqpOoHZRvnqUhpROhmmxRo8cAO0M7f8187Y/F8rYxMQb/yvlbYBiNf/1wTh1HX/NUA4ZS0Ur/mvkbwajOEGUIIBf5BxjDvwFIUAAAAASUVORK5CYII=",5229677856,Dazzlesphere
Renell,rmacginney9@dedecms.com,"data:image/png;base64,iVBORw0KGgoAAAANSUhEUgAAABAAAAAQCAYAAAAf8/9hAAAABGdBTUEAAK/INwWK6QAAABl0RVh0U29mdHdhcmUAQWRvYmUgSW1hZ2VSZWFkeXHJZTwAAAIySURBVDjLpdNdTFJhGAdw120X3XXR5kU33fQxS0+5Yl24lFnQKsvl2nJLM0fmXLNASceKgAv8yBGgJPEhkcIShEEYKuKU1IxcTm0WUDiJ1Fpbm1tZ/855186oLS/k4r/34n2e355z9rwZADLSyX8vCm+WU6fqT38+21S4ztPy1rmK4lXF5Ry//Hwm6LjoHN8QOGOgUOe9iGByCJ7FJ5BMX0ORiosfa1/wTHqQIAQ4VCHbwpXL53iWHPAe7QefJAvq4G2MLY9gcnUcQ0kf/AkvAm4DPvhl6Lq+jwEuESD7inLrCWXJ10BygC56SgpHlofxfGUMjvhjDH7sR1e0Hfq3VmiqKSwOt6CldCcD7CDA3qrOXfRo37tjRojC5SRt81KYIxp4lxx0+mCOaqEON8NeR2Ght5ppBvsTT9Yqai60F/y0vTehPlyBW+FKAliiOvQnPGQKY+Q+TOOdCCjzEPU2/A1wxIaH3a8N0C20ouGVAI3TVVC9kcEa0yO0MgrfkptM0mprwqypGKG2AgaYYYEsqfGFI94D4csy1E6VonlWgt64Fb6EG7aYGTdGK1ETEv6yu+wEcDQeZoA7LHBEJfxkiejQQxczccZtEE8JwHNRKLMK1rRzng6R3xU8kLkdM/oidAh2M8BRFsi7W/Iu38wBty8bXCcdSy6OyfjfUneCbjj34OoeMkHq92+4SP8A95wSTlrA/ISGnxZAmgeV+ewKbwqwi3MZQLQZQP3nFTLnttS73y9CuFIqo/imAAAAAElFTkSuQmCC",1007764503,Rhyloo
Lynea,lgrishelyova@businesswire.com,"data:image/png;base64,iVBORw0KGgoAAAANSUhEUgAAABAAAAAQCAYAAAAf8/9hAAAABGdBTUEAAK/INwWK6QAAABl0RVh0U29mdHdhcmUAQWRvYmUgSW1hZ2VSZWFkeXHJZTwAAAEuSURBVDjLpZM9SgRBFIRr/EHXwGVFAxUPYmTgMTyEoblX2NwjGG9i5B0EMTIQFWTBaHTeqyqDHmdX0FlhHzSvO6n+qvp1ZRvL1AqWrLX5w93VuSXBJkhCKovMrpOJk4vr6lcBidg7PgVMWIYkWATEbv9wc/03AZkwiY/3J7i93STcEmxu7yOz6ReQCDFhFTExIRJWgox+gcwot2UUAmY5kzADzkBEL0Er0PUZReUGIhcRNAU5muI/E1JiZzjF4cEbHp+HyIx+C2otdPgqfTodoP5c/w9BgNn8sPD6sgFzFVu76ieIaGYhMtrwWiGVPRkLCLJkYJX0vyms8rQLMigWBqMj2IKZsFSWCbGM83xVtjGZTFzXNeL2spv3+fmf/QnCJu5HZwCA8XhcVct+5y9H3H2zjxE/HwAAAABJRU5ErkJggg==",7776370592,Dabtype
Rivkah,rtoffaninib@intel.com,"data:image/png;base64,iVBORw0KGgoAAAANSUhEUgAAABAAAAAQCAYAAAAf8/9hAAAABGdBTUEAAK/INwWK6QAAABl0RVh0U29mdHdhcmUAQWRvYmUgSW1hZ2VSZWFkeXHJZTwAAAFzSURBVDjLY/j//z8DPlxYWFgAxA9ANDZ5BiIMeASlH5BswPz58+uampo2kuUCkGYgPg/EQvgsweZk5rlz5zYSoxnDAKBmprq6umONjY1vsmdeamvd9Pzc1N2vv/Zse/k0a/6jZWGT7hWGTLhrEdR7hwOrAfPmzWtob29/XlRc9qdjw8P76fMeTU2c9WBi5LQH7UB6ftS0B9MDe+7k+XfeCvRpu6Xr1XJTEMPP2TMvlkzZ8fhn9JSb+ujO9e+6ZebbcSvMu/Wmm2fzDSv3hmuGsHh+BAptkJ9Llj3e2LDu2SVcfvZqucHm0XhD163+mplLzVVtjHgGar7asO75bUKB51R9Vdih4ooqRkprXPfsXsfm558JGQDCtqWXmDAEi5Y+PjNhx4v/QL8aE2MIhkD8zAcbJ+189d+z5UYOWQZ4t9xsnLjj5f/A3ltLyDIAGDXe7Zue/89b/OiZY8UVNpINAEaNUOWqp38qVj3+DwykQEIGAABS5b0Ghvs3EQAAAABJRU5ErkJggg==",1094242691,Geba
Hatti,hsiblyc@amazonaws.com,"data:image/png;base64,iVBORw0KGgoAAAANSUhEUgAAABAAAAAQCAYAAAAf8/9hAAAABGdBTUEAAK/INwWK6QAAABl0RVh0U29mdHdhcmUAQWRvYmUgSW1hZ2VSZWFkeXHJZTwAAAJQSURBVDjLpZNLiI1xGMZ//+98Zy6G4zIJkyg0xEyWLlkMC6JkIYoke1kQUrKwsJGFlaVLsbBAuYSJBTEJCTkZQ8clJsYxx5y5fZfzfx+Lk8swbDz1rt635/319rxOEv+j4F/NzzeW5Xval/5zg5NE6c5yyYSkRZhmybRK0ra6prVIYujNBWS6JLOrMnWYtw6ZxszY+Ng5SfTeblNt01oqpTxB7WTCCQupm7oCMmMBQ2mJ6FMHUc8jkt4X1E9v4+vTk8zc9NSFADLlou728sTFx0GGfD9p3z3C3BKcC0l6zpId00LN3C0gT/H+Yczbyh83aGy71W/pIMhIi+dIi1ew6C3IAGHxR+LuMwy9PAAy4t4CMnsIEH4/hkxVXJ+ApeAMG+7AZVLko2pVYpAnyOaoDJWnAaWfBt5AAkuQT3GBB4bBpTjFoAgsrhJ5j3mzPwlUJZBSUAaIgBgRI58iHyMZmEPesiNyIG+YxQT1s8ESkIcggaBKISUgQIaP+7GKlUYamB0tPz9FOH4xLjsJFzpcmOLChKBG4FIaFhyh72U7cbn4bN72wvsRBk3rHu4cfHOdctdZaqasJ6hvIKhJceEgmbEhDc2HiHry9HXdwCfphlGjLG+TBwrXGChcJ9u4GRfOwQWDZBv3ERW7KHVeY/jzuw0tu953jojyr3p9umV+kM3lc82ryc1fQ6a2jnLXTb48uczA2/y61t0fLv7xC7/r1Yl5U+RtRxA27B/X3EbxwfmCTypbW/d8uDvqM/1NncdmTfJJ5aAllb2te7uHR5v5BtnsZt4skcPVAAAAAElFTkSuQmCC",8142028263,Centidel
Dore,dnodind@si.edu,"data:image/png;base64,iVBORw0KGgoAAAANSUhEUgAAABAAAAAQCAYAAAAf8/9hAAAABGdBTUEAAK/INwWK6QAAABl0RVh0U29mdHdhcmUAQWRvYmUgSW1hZ2VSZWFkeXHJZTwAAAFZSURBVDjL3ZM9S0JhGIbPH/APBEFQ7Q32gS0tlQ21iDVYJ/qAooaGliYRtKBBimrIwKSkooTGaiitFnvJjzLLPGXZCfVVRMWPo6ZwNzaZmlvDtT1cw831MACYWmD+gYAQglpgCCEoFot/glL6IygrKnwhYl1B6HwWcbepekHUbkCUzKGQIqCWCcQ5S+WC2MMRIlcsCgkjEm4VolYl3vaH4LkwViYImReQjx0iF1QiR7eQuFdC4FXg9H2VjRi5WUfatwzBP4MsPw/hfRQCJ4dD0wWGUopSBDzX4E+nETBPIullIbwMIOtTIPMsh0Mtxt3JbulAuM2WYd+2xCHwOmReZRC8PbCttqed6lbq0rTRA7ZB9muJHyapMxfcQdLVAeGpF/aNzoxO0Th+JqsTXbL1orIpfx5LST68hIy3H7Y1SUo/1jRS1S8QrXjx0dAdvtVK/HtTzYOl7r4BQSM7uFIKnq0AAAAASUVORK5CYII=",4976411915,Ntags
Ripley,rnodine@ucoz.com,"data:image/png;base64,iVBORw0KGgoAAAANSUhEUgAAABAAAAAQCAYAAAAf8/9hAAAABGdBTUEAAK/INwWK6QAAABl0RVh0U29mdHdhcmUAQWRvYmUgSW1hZ2VSZWFkeXHJZTwAAAHySURBVDjLpVNBaxpBGH2z7rrb6poNG0lSi0VyiA1I6a2XUtBLyD/oyV/gvSD03Gv/Q7El5NZDhBDx1lPpQUyRbg9SoUYTsEs21XVdM9/QWdZePGTgY2beft/33pudYcvlEvcZCu45VLno9Xrni8WizANBEGA+n0fh+34Us9mM5la1Wq1QHSMLvPhVMplsZ7NZkfT/iNvUNA3tdhv9fr9Sq9VaQgFnfGtZFobDIXRdj4rihbQeDAbIZDIoFApEWudwi3U6HcFu2zZc112RS1aokDGGRCIh2E3TRCqVQrPZhOM4FZXYSTp5pSTDMERI9rgSmsMwxHQ6RalUQrfbravE5HkexuOxOCCZRIdJs9xLjPaqqiKdTguV1KBM3WlDCdySkKwoyooC2Sifz4u8XC5HNWWFWMkrBX2QITGJP//2CdbVT1gTB896H6JfrFIDWUQMxWIxkkysEn/y6wJP/3yFzTYxe5TGFceiBvQHpL+4XHl45uf3SO15sPU9oMxg9D0cOCdCHWs0Gqfcy2HslkUzxaF9jH3NwcbONnR3Eziii8Mb/7jF98nDS7buMf1+wRraG7w2sQP92gJecnCDx5jf2Hc3H9c/Jh+j5Rnwd3fELYXA5T/8SwC4GK1X8Jg94E9uAhNJxVeC7ewWYHDkhrcOYd0B0mCFUhT4PX8AAAAASUVORK5CYII=",2672334218,Vidoo
Aldous,afullef@sbwire.com,"data:image/png;base64,iVBORw0KGgoAAAANSUhEUgAAABAAAAAQCAYAAAAf8/9hAAAABGdBTUEAAK/INwWK6QAAABl0RVh0U29mdHdhcmUAQWRvYmUgSW1hZ2VSZWFkeXHJZTwAAAEdSURBVDjLY/j//z8DJZiB6gY0rH7xpW7li3YKDHj1v2bli38lix61k2VA5fJn/9eeeP+/fcOL/wlT7/aRbEDegkf/Vxx/93/xobf/S5c8/u/ecm0eSQYkTX/4f+HBN/8nbX/xf+bul/8Tp9/9r1N0dgnRBgT33QZqfPW/YdXj/42rH//v2vjkv3fHtf9SScceEWWAc8u1/xO2Pv9fsvjB//IlD4CGPPrvXH/5v2Tksc1EGWBaful/+/on/4sW3gfGxsP/9lUX/ksEH1gj6rqdhSgDlPPO/q9b8fB/5bIH/23LL/wXD9i7kqRAlEo6+b908f3/NiXn/4t57V1EcjRKRB75b1145r+o684FZCUkMb8D/0Uct88euMxEKgYA7Ojrv4CgE7EAAAAASUVORK5CYII=",9366731058,Nlounge
Cob,ctropmang@prlog.org,"data:image/png;base64,iVBORw0KGgoAAAANSUhEUgAAABAAAAAQCAYAAAAf8/9hAAAABGdBTUEAAK/INwWK6QAAABl0RVh0U29mdHdhcmUAQWRvYmUgSW1hZ2VSZWFkeXHJZTwAAALKSURBVDjLjZJbTNIBGMWpth7soa2th24PStZD2bronPPByB6aa805iTFFYonGTC3Imk6YeEGnmXJVCg0UhFIMDf8Sm8IcNa9LEdF0y2kqvKU524rwBDZNW3M+nKfvO7+d7+wjASDtpsLk46zxuvCVBd0JfFaH+l7mhjXcig47uDnf1ZybcDJ+tjnUv9hyDNulzCLX7gnQwDwqWWyPxJKFje/91VgyxmJRfwquOvLXPQEUyYerPaMWrLxXwDeqweoHBRY+ErCVXJrdEyAp4XaGW8td/zbWBv9kO9ZcJnjsEhSnXTX+F5BBCWfJWddWJAwKFHfifRxaxLDkSdZPj5GHLx1CeDr5cNTfxwX2OSIq7/yhHQBm7Ol4Oeu6vzaFgu1qrMmFVFmK7m4CZrMZHRNalNmKESE4q77IOxOyBaihXXY85ySivegu3C2F0PGoMDwVwGohoB2qgN1uR29vL8QOIfTGFjwzVCOGE6XYAsho5NYZm35HYVarFdPT07DZbHC73ZiamoLFYoHL5UJFRQVm5Im7FzZi1cHpdKK1tRVCoRCVlZUbZwwODoIv5mPpxc2/gP1XxPmy/OytwjYXvV4vRCIR7hnoyNTTIauTYn5+HgRBoLy8/I95X6whPYk3smr3AqLXRvAb9dDpdIHiujE3NweVSoVDccqQ4K5cLl+emJiAUqkEm80GKTShnkrNNa91TvpR6gbYg0CaHUh9+wOC5hEMDAygp6cHckW9TyaTLXd1daGvrw/Z2dmqAOAIyVka+Wu4TQreGw+YFoBpWkeKfh1UtR9qtXoDEEwTPCdo1Gg0cDgcQQBycnIOkGbFcUttZQ9BF/QjwwqwugMJTACjE3isJMDhcMDPK0FTUxOqqqqCsWkMBsNPp9PfbTzSp+bMGKI4qSCaqjVFPhgCReAMaByUwjHEFYyAfOPVrPRRehGXy0Vqair+ffffyy28O7WhyP8AAAAASUVORK5CYII=",3363407181,Riffpath
Gracie,garonoffh@aol.com,"data:image/png;base64,iVBORw0KGgoAAAANSUhEUgAAABAAAAAQCAYAAAAf8/9hAAAABGdBTUEAAK/INwWK6QAAABl0RVh0U29mdHdhcmUAQWRvYmUgSW1hZ2VSZWFkeXHJZTwAAANDSURBVDjLZZNvUBN0GMf3ot7ldb2q63UvuuuFd93Vq/ROMYyu9C4CCwE1uqHFOD3D1SxPUFCb5OBwBwMJMf5GjT/bMBhjILjGNraxv47JcGrIakIYAxT89BtXHdqLz7vn832eF99HAkg2UjhyYIugXRAR/CVYFswKumXD+995en6j+Izgh6TQf6sJe6wP0/QoutAonYEBOgLNHDLlPJL2ZRk+Mex57okAIT0rGGkMnufeooNQ3IsnPo424kQ/5afR6+Wya5x21wgV1jPkaNPdH7fvfn5jQFND4AxTC2b8CxZ8cz6csy6aJ338OBVG5ZhE+WuA74asaH0DVFgUpF9517AeIOS3BA+jD8zo5vR0zOvpjQ/Re9tLXfAGFz0hZHoHsh4Lp216NJEqHDNa3q9NXU1Tb9+dDPhJP1WN/Xc9LXNdtN23Yo25KXf6UNpuINU5yDcaOeLXoHYeJNj0EZNdpbgupVJS+YYnGRCd+KOHxmgt5bFLYrsXS8xF4S9OpF12iqw28iePUeLYxYxJzvyEDh7cZW6iA+P5nWvJgMXwvIlTwWJkk3I0dwdpidjJaR2jYGAYZegqSruCmO8EK7e7mTErSXh+ZnV6hPH6T5HIru1P3Jwz8Y37KAVuFfXTRnJbLOR2ekivuc6F/mri3q9ZS4yQuFlAfExG4EoeEw15vFf85rLks8HcO87ZTlTeU3wbHqTEdo3MRjvZ2hAntc3c93zF2pKFxfA+lqJ7WfAr8GtSMI+peF2x+Z5EFKNbG6hEN9XA4eunOelqJbtpFHltJTM2+T9yLku3svjTexy/+m2+139Onak4GTAoOaDLTBXFeOSJ6fnCeIgjA4WUNp3Fc7VInD3MUiSP5WgO8+KSgJCLLmZiDjcn5ceCrPUi7Wnd1VVuPkZPoAZlfQY+gwJ3r4o71gwWI3uJu77Epd6BXJ1BzVAxx9vy17f/18QPLqdtEsVwl/Uepv1cCixME9R8iEnxMqPVafSVbafBfBRjqAFFqzQphwQvPfFMO6u2bUq5sMVQIn2NFUsVK9YKrKXbaDv4Ct3D1WjMJ5LianKz4MX/feO/ZGx94WHZvlcf959No+7c1rUdis0JIfwmGBBkPz3/Nw6S0St8tXZAAAAAAElFTkSuQmCC",0373791275,Gigaclub
Aldridge,aswadeni@topsy.com,"data:image/png;base64,iVBORw0KGgoAAAANSUhEUgAAABAAAAAQCAYAAAAf8/9hAAAABGdBTUEAAK/INwWK6QAAABl0RVh0U29mdHdhcmUAQWRvYmUgSW1hZ2VSZWFkeXHJZTwAAAJ3SURBVDjLpVJdSJNhFD7bp7Js6qaUDqmxEFfRQFmZ00wjXYK2kgX+h114Ed5siZf9aIWFUSLRReVFgUElGVkURDCkKI3NlKIaRYmWmJmSue3b+9f5DGuBBNoHLwfe7zw/57yPSggB//NFLQcUKHG4BCEuESbt6uUQCDncqNm3x4gEbtVSR5jbuStGEPoaHSRibV7yCDxMWhH8HsHpCd6n7J8E9mPDLsGZmzN27tHJze2z23aUIbAcCTITfM+Y0qMiDQd7gNJSQdnd6MudZZEEhYd9Y5VbpFRZ9kJmlG/OdOGNdC0+58wNg03ijFZxTnGJhJZKjt1RuBCHXFmV9QfszccmbXf/9Lfc2MeTZkvBytFiw/h1Q/Z6xkhTuS3eyCh1qeQDdT0Kya/FUC3am7yjt769aCjMp4Lv7yzoyNeZHM26Ndnw7mHTjODcXnO/NpdzdggFzv71CkVHBmNKxp/cy5sY3Jo2MxKiejY7VZGwzlhUD0D8EAia4VP/+V7BuNNS84AoGHXEvCmMUc/tJOsXt7kuGdddPJsZbUqy1gKEfDBwtQu0uiDQULgUj2MBp7YfHXLhvONo5yWnpMdzylbd15YXHG3QrobtWao4fQC4/AHTw4H9eA6mgkYVleXjAx22uHkCVHXtzYhGdcI8p3PalMuhK/YYVDmhW5sBPDCM2CBYnWY09Rk0Gj8kWyo2UDnsnifgjLTf7P8+guqtC7aYHK5PTCuxxsZ9BUGn8LEl8N7yKzECHvLDqnQj9pCGvpZNGxeNMtobs1R3pUrqj0gwraQ/4q8apBVmmHj1Avy9Ld2LJhHtaXyXnEHBBdrnEUf8rqBUIVJ+AugPahHelS39AAAAAElFTkSuQmCC",3246010536,Edgeclub
Timothy,tlongmatej@themeforest.net,"data:image/png;base64,iVBORw0KGgoAAAANSUhEUgAAABAAAAAQCAYAAAAf8/9hAAAABGdBTUEAAK/INwWK6QAAABl0RVh0U29mdHdhcmUAQWRvYmUgSW1hZ2VSZWFkeXHJZTwAAAKZSURBVDjLpVNNSFRRFP7evNE3P6n5MzYTDVOi+QNZFrUIIlEIaiGCEBltgqBdYK6Eli2DFrYyalFCFETQdhiCCKIoMJxIxppKCQfnOc7kjG+c+9e5zxz6EVr04HAv99zvu98553uGUgr/83m3O0wkEhYRD1GMSim7aO2goK1M0vqR1jsUieHhYWH8qYDAPXT2IBQK9YbDYQSDQQQCAeh7hUIBa2trWFhYQDabfUFn5/4iiMfjzzo7O/uj0SgMw9hWNuccyWQSqVTqXpXAfntyUAk1WeYN+32W34QElJCQnMHwBNFy+CZM364qwerqqlab9f4EmwQe8Tcf695R2+qCFBOQFQdO7gN8e86Cox7ZTMYtQ4NjsRioD5tNlEJGieBCTXAveOENPL4+esVGOZ/CEj8OsRKFWJ6FbdvweDzVnrgEy69P1JLUS/6mQ3UAKXcyNJsN5BfjMMIX0dx0Bl6vF4wxdy2VSm4ZGiyEgJfAfRSXrfoOKO4QRwR0G0oSWXER4vttCMUhEIA0j1DKclVUFSguJ/2hoy2OPUelKNQG2onei52RQap/HpJVULRnoWJXUJGWq8Q0TZfAVUD1Pyp+e/lcccFoX8P4u7GW2CmPKOfB1ldQ8rTBPHgXsiYERk1kbN0F63DL2t3/6sbWfL8+PVAPXr7q2O9RzC+BhUbBG/vh9/lJCau+utWDSqXyu5Ull098/rBR4o1oHbiF5ZUSuONU89pYkUgE2mTpdHpTwVby8+Oe01RC22K++XpaDYx1f8kE9awty3KB+nUN1lbWLpyZmcmQoYaqTvz0sKtXCSHbz88np6en95HEaxQj1PEGPXftvlwuh3K5rIH3qZQbExMTy8a/fuepqak6ArRTUBvY3Pj4+Mav+R/mW7NMaC1PRQAAAABJRU5ErkJggg==",7793376854,Chatterbridge
Ofella,okelwaybamberk@imageshack.us,"data:image/png;base64,iVBORw0KGgoAAAANSUhEUgAAABAAAAAQCAYAAAAf8/9hAAAABGdBTUEAAK/INwWK6QAAABl0RVh0U29mdHdhcmUAQWRvYmUgSW1hZ2VSZWFkeXHJZTwAAAKRSURBVDjLhZHfT1JhHMb9F7ptXXXR2lw/Llp3blnNZauLtmwtp15oWsu6oJZ5bKyFQiGIEIRIKoEsJtikWM1JmiQhtpieo3ISUoEINiJNE2SgT5x3ZiVZ3+15v3t/PJ89+755APJ4PJ64s7MzZDKZYDabYbFY0NvbSzq35867u7uh1WpjfD5fwXl+iixqtXoi2xfw/0ppNJrPOQC9Xp/O9vXTvCf4l7jKJkUOgIvH1bmGPlQ1D6Na+gY1Micut77FFcUoapVj5I4rnU6XCzAYDJuAmqz50hbzNdUvQJfu8d8BmUwGMzMz8Hq9oGkaHo8HbrcbTqcTDocDQ0ND+B62gzWeh8/ahPGOIkyo8ssJYCMWmXxLSwtYloXRaIRYLCag6I3rmKUKERmswyJtA5bDWKAtcElORAmgo4MMBqFQCIFAAH6/Hz6fj6RhGAasuw3xqTtIhZ4h8roZCeYpMvMjYLqqkwSgaW8nAKvVCrlcjmAwSNLIZDLM0ibEJ29jLTGCxMdaxMeuwmuoBK0t+zKmOLOHAFQqFQFEo1FEIhGEw2GSZp4x4ytTj7WkCyv+CiSDpViapjCnORJ9Lz1+cHOIcrmCAGw2G5RKJYHY9HxE3tVtmMuRDFzAt8kGsKoifJAcPvTHLzRLJAQQi8WI2FEjpvtvZmM7kJyrxGqwDIvZJH7NSTyUCnK/USgUpocdjnW73Y6+R3xMvaAw8bIVn9wlWJkrRXz8FrzqUxgZ6FsXikSJHABFUYxA0LgiFIrQc/8YsDQPtv0sBqmdcLYVY0BQgAfCetwVNK5m37pyAL9LcDE/nXIpkXLL4W4qRE/VruX++v0Htr7bFlBSsCMpqtibfnWvOG2XHh1+Xrdv93ZmTj8Aff0H4WdEl0kAAAAASUVORK5CYII=",9903530978,Skinix
Garrott,gcobbledickl@goodreads.com,"data:image/png;base64,iVBORw0KGgoAAAANSUhEUgAAABAAAAAQCAYAAAAf8/9hAAAABGdBTUEAAK/INwWK6QAAABl0RVh0U29mdHdhcmUAQWRvYmUgSW1hZ2VSZWFkeXHJZTwAAAJOSURBVDjLpZI9T1RBFIaf3buAoBgJ8rl6QVBJVNDCShMLOhBj6T+wNUaDjY0WmpBIgYpAjL/AShJ+gVYYYRPIony5IETkQxZ2770zc2fGYpflQy2MJzk5J5M5z/vO5ESstfxPxA4erL4Zuh4pLnoaiUZdq7XAGKzRJVbIBZ3JPLJaD9c/eCj/CFgZfNl5qK5q8EhTXdxxLKgQjAFr0NK0ppOpt9n51D2gd2cmsvOElVcvOoprKvuPtriNzsY8rH+H0ECoQEg4WklY1czP8akZby51p6G3b6QAWBl43llSVTlUfuZE3NmYh9Vl0HkHSuVq4ENFNWFdC+uJ5JI/9/V2Y//rkShA1HF6yk/VxJ0f07CcgkCB7+fSC8Dzcy7mp4l9/khlUzwecaI9hT+wRrsOISylcsphCFLl1RXIvBMpYDZJrKYRjHELACNEgC/KCQQofWBQ5nuV64UAP8AEfrDrQEiLlJD18+p7BguwfAoBUmKEsLsAGZSiFWxtgWWP4gGAkuB5YDRWylKAKIDJZBa1H8Kx47C1Cdls7qLnQTZffQ+20lB7EiU1ent7sQBQ6+vdq2PJ5dC9ABW1sJnOQbL5Qc/HpNOYehf/4lW+jY4vh2tr3fsWafrWzRtlDW5f9aVzjUVj72FmCqzBypBQCKzbjLp8jZUPo7OZyYm7bYkvw/sAAFMd7V3lp5sGqs+fjRcZhVYKY0xupwysfpogk0jcb5ucffbbKu9Esv1Kl1N2+Ekk5rg2DIXRmog1Jdr3F/Tm5mO0edc6MSP/CvjX+AV0DoH1Z+D54gAAAABJRU5ErkJggg==",2121728767,Abata
Wynne,wjoinsonm@cmu.edu,"data:image/png;base64,iVBORw0KGgoAAAANSUhEUgAAABAAAAAQCAYAAAAf8/9hAAAABGdBTUEAAK/INwWK6QAAABl0RVh0U29mdHdhcmUAQWRvYmUgSW1hZ2VSZWFkeXHJZTwAAAKGSURBVDjLhZNdSFNxFMBHCdGDr0sIg3qwiF6jwMeefY0giB56CoMIeuhN8KHXCJuoEYUZpJW0QMyPmWl+ldM5FTedujn34e7c7ma6z/vr/O9maRINfrtj55zfPed/7rUAloPceNxbKzQJTiEmJASP0Kxif+cfLKwUbELu87Sf+YDOmpZlM50nGN+h3xlAxco5lYcE5eLejiEPhaJBUIcPUynez6WYiGfZk6SioGIqR+XuS/YFNhVI5jA/acluH07ycmwbV7KIIf/JBb1YipclNlMgP64KRX88R/u4hlcrJfVM79E8qLGyg9lBRL7Scs0qDEMJiqrWvHufzNczp9M2HKNlKIY7CMsRGPemZZwM8QxERaBLK4kCpIS+0pnYlGDW5U/yanRLBFGav0SxO3U6R1ZUQljxbtRHWoo2pRvvNrg2C7j8uorPKoG2EPwpd47SIsWtIpn0pVUwJJwuE/JEMtjlULt+JE3cwV2Vo/0WNDui2AYiNA2EmVo9KnBv7NI1rfN6MiHEmTsgmJ1dT2BzhM3it2L3agaq7f0ROkd8LDXcYdDuYNTxjUDLfWbW/oxgHuLY6h6uKAR2wZcSkuDZyjAfyjC+lsf/0Ers3gmMF1XkOi4eOkRzjTlZTVR2tJSA6TB89UP/SoFPC1m+Nz5Ae1YBz8/D+gUYrsb+6LZhrvHggxSTdbliMCLFfcsG9sU88111RJ9ayHSeEoEUh4SAiAarYcLafeRRDqYMZqSD/uUCdneWufrrxCQt011VEniEiOA+Bzetb/75MjnXdRbDWVYb6tm6ayExcQyjrUZmKwtaz0Cd9Ynlf6/zrcaP2sbZCiN0yUK45niBWmuea1a4Ys1y2XryF6CZCaxnm2/nAAAAAElFTkSuQmCC",9335597813,Wikizz
Lurette,lfloryn@unc.edu,"data:image/png;base64,iVBORw0KGgoAAAANSUhEUgAAABAAAAAQCAYAAAAf8/9hAAAABGdBTUEAAK/INwWK6QAAABl0RVh0U29mdHdhcmUAQWRvYmUgSW1hZ2VSZWFkeXHJZTwAAAJaSURBVDjLpVPNi1JRFP89v2f8RHHGaqOCJFNuohki+oBxE7Sp1oFQLXPXbqDFUG1btOgvyIKBoFmUixSJqERIzbFJ05lRpHn6xoYcP0af+nrnlmKBqzlwOPe+d3/nd37n3MtJkoSjmAJHNNVokcvlIoPBYFl29Pt9iKI49l6vN/Zut0sxGggE/ITjSIIMvqzRaGJ2u50d+t8mZarVasRiMZRKJX8wGIyyCmTG+xaLBTzPQ6vVjkGTQFpXKhWYTCa4XC4iXZE/R7lMJsPYbTYbGo3GP+WSFAJyHAelUsnYjUYj9Ho9wuEwCoWCX0XsVDpppUM6nY75iL3T6eDt86c4TL3E4VDeW0/h2t1V+Hw+ZLPZFRUxtVotCILAGkTA4XAIaibFr58i6Hx5hYEkQuKUaJYTePbkAW7cuceqpATLxEQbAsmSWMkKxZ8J86kI5ubdsJmNpBtmxzHUhTzMci8IqyJW0kpOCcgpAbGTGRxO3Axch35Gh4P6LlQGG16vr0P8O2qWYAQkkNfrZZGc5HzYrWEzGceZpSWYrHPY2cojJehwUv4/TkAToASj0Y36kE6nsbVdRHRmAfG195hVA8WDWTQlLRKJBKuaC4VCb2QtVyZuGYtCrcbGxVeraLfbOHf+AuYdDqy9CLFR0kj39oRv3LTHtPHw7DZ//KrzXVmD5q86qnIiYqSLptbqcem0HYvix/7Ux2SwnYjv72RQrvyA1WqF2+1mYI/HA3EwRHnzM/QmY0o1LYFkdd7mftYfFQvfbzX3qxflSg0kLZlMDip8fWNh0f6YszjyvwFmK4mzFto0SwAAAABJRU5ErkJggg==",9371434139,Photospace
D'arcy,dshanklino@craigslist.org,"data:image/png;base64,iVBORw0KGgoAAAANSUhEUgAAABAAAAAQCAYAAAAf8/9hAAAABGdBTUEAAK/INwWK6QAAABl0RVh0U29mdHdhcmUAQWRvYmUgSW1hZ2VSZWFkeXHJZTwAAAGkSURBVDjLpZM/T8JAGMZf/gRU0lgU1EZDok5KSIwOfgKJhsGlgyaOfAE/Abo7dNfQ1W9AmNk0kjYO6ISLk4tBDJb27nzfKyWNFhLjJZeXlnue5/feXWNCCPjPSEa9bLfbpud5Z67rJrECVjmHwyHVW13XTyMNbNueR8GNqqp6Oj0HDoqAc5CMSJrNqtBsNk7w6beBZVmHJM7lcquZTAa6L69A6ZwL4IKjkQCGZo7jRLeAixuFQkH+Hgy+wEXxo/2ABnw8D8pHso1IA+oxlUpBr9fzkxmD7eKOTBejdNrwiQTkzFBEi+hgCN227rEymU7/aZXj6QT+Xgm5mAyKpV2ZHlCIiD2IhwkCA2lCyczv/U3pQv3dAB5aF9nCWDwSBun152v4/PDk80QDQgtuJYn4CJnju/PFC+ALRMfHrUYS0CkkEgk/mXEpIAOfxN/cnwTxEMFdq9WCfr8PiqLAzGwab2BMGjHh0xDhRIJqtbpvGEal0+lcapq2t76xCUv5NSkIWltZzss7Eh6xqK+xVquVUXiFsxR8TFRp4hE/maa5NdXgL+Mbb/xsAcKofWEAAAAASUVORK5CYII=",0829845771,Topiclounge
Skell,svischip@google.de,"data:image/png;base64,iVBORw0KGgoAAAANSUhEUgAAABAAAAAQCAYAAAAf8/9hAAAABGdBTUEAAK/INwWK6QAAABl0RVh0U29mdHdhcmUAQWRvYmUgSW1hZ2VSZWFkeXHJZTwAAAK9SURBVBgZBcHLi1VlAADw3/edc+fRmOP4YEzERxQYZGaQaQ8qRDCK+gPcGC1rYbjRWtqiTaAULWrRItwVVAaFBUIvhqjAyixIE41JB8fxzsy9c+855ztfv1/IOYPDH1/bg5N3rxnb169b/bpVt62Vpu1iCTeRsIB5fIizJUDbNI/s2rhq39EnNwCAXtVO9qt2cmGQNlc1S8Pkys1lX1zqHcCREqBtmunVIwFcu510QlAGipLRTrRlNCpi1CnYvXncpsmJte//OPtWBEh1vXqipGlZqoJuze0h3QHdAfMrzC0ncPz0Vfu2T7h/fWdDCZDqeu2dI1FvSG+QxBiUKApiQSEoAi1CWjRzecEvV7uzJUCqqunJ8UJ3pdEfZjFmRSSmoIgUsqJALtxYHDr11d+LOFwCNFW1dXp1R3eQNZApUhAzEoWszFGbSZ2kqZrtn7762K0IkKrh1o2To3pVFiJFCCIiAiBkcqYZDqVqmKCEgye+HC+LODLaiaqURBlZRhJAQIzUKVnu9RssQgnNsNowMTEmBlrIhEAU5EwIXLx0xl+XP7fUXzAV+0V3+cbrHHyjhFQN7ygnRpSRIgapDeSsRQj8+udH5vtfe/rxh21ee69zFz4JM79fP7H3lU1r4hNHTq9vqurEnh1bXF/MrtxIbi0lvYqUsxCyny6c9uCOXVJMdt11QAq1vTsfhZfLVFX78ezPF/+xsFJaHmZ1yoZ1UDWtJrWWuv/phFWeue8lcHT/e8789i4+GytTXT/0wlMPjL92aC8ASJk6ZVXD88e7Lsz+4Pzsd44d+MCbZ180VozCoNi48+A9U5MTz80v1a7O9cwtDiz2a3WTFTEa6QQpDX3zxxnbpre52f9Xtzfn+/PfWrw9PBV2Hzq5HkewFeuwDlOYwuTYSKczNtYRRs5ZSTPaPEDok9+eeWf22P/PLlOL9Py8xgAAAABJRU5ErkJggg==",2539892574,Bubblemix
Zaneta,zhecksq@blogspot.com,"data:image/png;base64,iVBORw0KGgoAAAANSUhEUgAAABAAAAAQCAYAAAAf8/9hAAAABGdBTUEAAK/INwWK6QAAABl0RVh0U29mdHdhcmUAQWRvYmUgSW1hZ2VSZWFkeXHJZTwAAAKNSURBVDjLpVNLTxNRFP4GCkZK6QtftZVHaURLCHFBu7Cu0H/g0rhpdKEbjOlOEzCBjYmycS2kbggLWbHQmmho8GIw0YRWIhX6TKlFgvKYx5253juhBGIkMZ7kzEnOzHe/757zjcQYw/+E5V8B8XicaZoGSil4vSElk0lTgmEY0HX9UIqPDqYA+v1+9Pf3Y21tDVNTU4sWcYVwOGwCjgpVVTE5OVnq6enxZDIZzMzMrPIDn1kE8/LyMqxWKwqFAjweD7LZLHw+n9lvb2/H0tISurq6YLfbPfl8Hul0WhwYjcViCUskEpESiQRramrCxsZGiL8g1Wo1pCgK4TJDsiyTcrls1lKpZPa3t7fFdYpCWZ14iPs1NzcLFUQw22w2Ipg5IxHMTqeTdHd3w+VykWAwKIiEgoLASrU1Tk9Ps4GBAfCholKphARYMAtwsVgMrbhfkh26iZB+B7lcDkNDQ9K+AhFc0oNUKoWOjg6TORAIwOFwmMxut5vwvcDbegGv6GPBvm8e6aCRJiYmWG1dadsLMEODalCovOdxBdDrvYz51Tf4XCDYpUrdu/s/mPQ3J96Nh9nV4E3ojPvD0GGAobxZgNN6EnPfXmMh95bKVG00nTg+Pn6es97j7LcEu0jZpZrg7PpXaFwF5Wo0XcNP5Rf6fBFsaTsWsjIr1+2Z5Ho0Gr3N6yDPLD9gUKYyqE5xquUcTre04Yy9Ew31x3HCdhYf80kkM7NfdlQ4LHsDxNjYGPN6vaaBuNOekE0Fz+f4wAwVXCr8rRcR7ryGD9lZvE/NqzLQVxphyqEZjI6O1n6UweHh4acHZ9L7qHHrUtsV68LiJ6zXV49xsPrHFo6KzofSd92ob9019IbKCKO1/m/zF57K8A8dwwAAAABJRU5ErkJggg==",3465160290,Realcube
Allistir,abartalinr@globo.com,"data:image/png;base64,iVBORw0KGgoAAAANSUhEUgAAABAAAAAQCAYAAAAf8/9hAAAABGdBTUEAAK/INwWK6QAAABl0RVh0U29mdHdhcmUAQWRvYmUgSW1hZ2VSZWFkeXHJZTwAAAC4SURBVDjL7dK/CkFhHMbx5zrOlbgE5Q4MBgulhIn86Wc4os7AbjEaLThhQekYbC/JYMBIp3jrcNLjBgxHshme9VNPfUES3wx/4D1ggYYFSgO+MqGV4CwFHIxPAJnLk3vb56734KjsMouNBAbquKv90Oei4nGc1nRamkksVWCgCletux4nGc1B4sZp7coYxsGBIk5ily50mpoz88pe/sgIOsEv5LA1UlhJHDMVRV+F0ZYQTONf4o+AF+Us6n1474tIAAAAAElFTkSuQmCC",0548840288,Edgeclub
Buckie,blomanseys@free.fr,"data:image/png;base64,iVBORw0KGgoAAAANSUhEUgAAABAAAAAQCAYAAAAf8/9hAAAABGdBTUEAAK/INwWK6QAAABl0RVh0U29mdHdhcmUAQWRvYmUgSW1hZ2VSZWFkeXHJZTwAAAJGSURBVDjLjZNNSFRRFMd/970ZNbX8KCHUCVxM4CYSDaKkoAgywk3gPoyCyFq0cW0bSUTIcNEm2uWqUEIIrEUqUoFZuZAEFcPGD9LRGOe9+3FajE5jCnW4l3O53Ps7/3PPPUpEmJ6eFucczjmstVhrMcZkfe7UWmd9S0uLigBYa6msrGZ9YwNEIDNABAFEJLtGhLKyUoaGXgGQBawnk9x9NMr/WNetU4Rh+AdgjNkOCdWxYxQX5hGrKKIgP0JaC9o4tAUrMP7+E+KEIAgA8AC01hmZgFKKVNqQWE+TCiwiYKwQGkdgMmdE2K1Aa43b0acUSik2UwYnAaVFUSIRH88Jsg1w4vYCxGUQKgeyFVpC7SgqzMP3PTyViSFuHwA5KSilMhBAlCIVWJQnmX3A/Z1CGIZ4vgfA/NzsP6vgR/y9gLxohM4bJ7FWiEajLC8tUVR8CBFhbW2VRDDD5MIom1tJugaeIfZARrGI0N/f3621Pp/zy8q11m+qqqpajTF8WBieKKmxdfW1DVSXx3k79ZLxr++Ym1ntVjvly7Wenp57xpjms43nLpSUlPFwoI1rV6+A79Fc20b38E18PJ6/GEhHci/29vZWaK2X4/HjlB8+gtGQSKzw89cKUVVMU20rAPcvPmHwSx8wULALEARBQywWo6npMsYYRAQR4cFgkqnFMSYXR2i/9JTO19cp8PMB0ntS6Ojo+Ki1rs/twHk9iVfzgzMnGokfreNbYoKxzyN8n03u/wb72ek7lZ3AbeAgsAn0jT9ebP8NoAhq3YVujicAAAAASUVORK5CYII=",5105258592,Dynava
Jacintha,jcarnowt@smugmug.com,"data:image/png;base64,iVBORw0KGgoAAAANSUhEUgAAABAAAAAQCAYAAAAf8/9hAAAABGdBTUEAAK/INwWK6QAAABl0RVh0U29mdHdhcmUAQWRvYmUgSW1hZ2VSZWFkeXHJZTwAAAIRSURBVDjLjZPJa1NRFIera/8ECy7dV7txkb2UOoDgzo0R3YuLrFwWIVglWQRtN0GCLkIixJDJQJKGQOYBA4akmec5eSFT/XnPsXlNsWIffOTdd3O+e+6PezcAbBDiuS7YEmz/hxuCq3LdmmBrOp32F4vFyXK5xEWIeWg0mnfrknXBNhWPx2NIkiQzGAzQ6/XQaDRYUqvVoNVqZQkXGwyGm2q1+k00GkUkEkE4HEYwGGQCgQDS6TSKxSILJpMJaBGdTvdHYjKZHvp8vuNsNot6vc7QavRLq1UqFcTjcbhcLrmLFZyJ2+0u9Pt9hC1f8OHpDt4/uoO3928zmscKHD5/gKPPB8jn8yxpNpuoVqtnAqPRiOFwiPGgB/fhPr7uvcJH5S4Ont3Dp5dP8G3/NX4cfedCi8XCeXQ6nTOBzWaT5vM5J0yTFFy325WhtmkbhN1ux2g04gVlgcfj+UmDUqkEh8OBcrnM7xRaLpdDIpHgcSqVYihEYr0DL61O6fv9fhQKBd4vhUrpk6DdbsNsNrN8Nptxt7JApVK9EMW9TCbDEgqI2qUOSELvJPF6vbw9Kj4nEM81pVJ5V6/XH8diMQ6IaLVaLAmFQnA6nfyNslohC05P4RWFQrFLHVitVoYSF2cEyWSSgxOn9Bx/CWggPv761z24gBNZcCq5JQKSaOIyxeK/I769a4JNklziOq+gq7/5Gx172kZga+XWAAAAAElFTkSuQmCC",9152274659,Lazz
Con,cgilloranu@vinaora.com,"data:image/png;base64,iVBORw0KGgoAAAANSUhEUgAAABAAAAAQCAYAAAAf8/9hAAAABGdBTUEAAK/INwWK6QAAABl0RVh0U29mdHdhcmUAQWRvYmUgSW1hZ2VSZWFkeXHJZTwAAAH2SURBVDjLpZJBS5RRFIafb+aOMzoaoqiYtEvBCaSFiEH7IKIQF1FIINJfiFaiC5f+iCIcXAwURX+gIkGigghBbSloEeYwM9/nveecFk5fmiMFHbjczeU5z3nvicyM/ykH8OTV/n0zpsS0X1WpJ4HEC0G0eQQJhqh+XpoZvncKoGa3pye6uv/WbWF162JLA1HtBnj6aX1Ak6GeIC4nqjSOmbRlChQLOeZXtndE9cPSzPD1Y4CjHDqs1HttvOhadTeDWiwUC1kWVrdKJw1EAfhRCy7xxsuN9xmNL2RE8lGLTAY729uYX9k2UV13AKEJEDXyuQjnR7I3xjv5h0zGHIAXRc0QVRJv1BMB4NmXRwQNHMRV6r6Bl0DQQJDAwytLeC/5dARr3vlclGZytzR3ZvdaHPBBSA1MIagSe00zKb/eOxNwc7yHw1+A79U6okoEZDNRmgnAnav9VNZ2mZ4cOAH4dhD/NhCxj4vlzZGB3i5qDUkzcVmovN2DCCpru7hMBGbkHIwOdXDom4Dl2dE5gAePN3YKbREiOmiAy0ZMTfS1NNjaOSAE5cTSiNj6Ynnz0mDfOUzBZeDFu6/AkQGAi0CB0vkCxh+A5dnRW00TE1Umh7sIYtQaPv2Z49XuIm25tiL2ZrG8eflQtOiDUK0lBAmn3u1X4+c/AQHoQ0fGFnyFAAAAAElFTkSuQmCC",4475485797,Realmix
Sasha,sbrimleyv@wix.com,"data:image/png;base64,iVBORw0KGgoAAAANSUhEUgAAABAAAAAQCAYAAAAf8/9hAAAABGdBTUEAAK/INwWK6QAAABl0RVh0U29mdHdhcmUAQWRvYmUgSW1hZ2VSZWFkeXHJZTwAAAKjSURBVDjLrZLdT1JhHMfd6q6L7voT3NrEuQq6aTircWFQ04u4MetCZ4UXGY2J1UoMdCoWxMZWDWtrrqHgylZ54RbkZtkiJ5aAku8MXXqQl3PgAOfb8xwq5LrOzmfnd34vn+d5tqcMQNm/UPZfBMHXx2ZWvI386odLe7jIL7w5EQ68qjhEOFjCmMj+v4LQmCwtCHkSCuSlFOIst4X1KU1mbUqT/kPki57bmL6xEnx55HxRMCqNCTkO6fUBpH5YkFoeBLsyAiHLEFcSQi5B2C38Z3eAPJ8JjcrmigKnLJ7nd8mwDcnFh4h/68T29FVsfW4F4zeCmb0LZqYDO191hOtkZ5sIuY8lioJhKZ9lo2DmbNjx9WDTowW7+YmsGv+9Ov3GijsgxwsNy7iiYOg4L54/nyawQC4lDubYANIRG7g1I9glHVILl5EMNCCXnEfouXSP4JksI+RY5OIfkWXGwf8cQSb6hAz2gV2+BXaxFangBSS/n0PCfxq5xAxCg3sFj2TpPB8Hvz2G3dWneOvqhLnPCIfDgd5uPebfNyAyrUR/t1bMmft7MdR1NiuXyw8UBDYpJ/AMkhsOPLa2wmKxIBqNIhwOw+Px4EG/Hvb7GoSCc2JucnJS7FEqlb2FizRwNMLHFmPvXnQJN/U6+Px+3LvdApVKiebmZlitVuj1ejFWqc7AZNCJEq1WGxMFAVPFtUCPZKhDXZUyGu6IAr+pklOclGNiYgI+nw9erxculws0N2uqjFOBwWDgSu61RCK50tLSwlBBfX39eE1NDa9QKFBXVydCY5qjNSqgvSWCw+RRqVTzZrOZcTqd2263G3a7HW1tbWhvbxdjmqM12kN7SwTl5eX7qqurq2pra5eampqSGo2GI2TUanUj4RSJ4zRHa7SH9v4C8Nrl+GFh7LoAAAAASUVORK5CYII=",5786475077,Skibox
Mattheus,mcouchew@spiegel.de,"data:image/png;base64,iVBORw0KGgoAAAANSUhEUgAAABAAAAAQCAYAAAAf8/9hAAAABGdBTUEAAK/INwWK6QAAABl0RVh0U29mdHdhcmUAQWRvYmUgSW1hZ2VSZWFkeXHJZTwAAAJRSURBVDjL3VNNaJIBGBaCDnXqVlEQO0ixrE1a26G2uYU0tyVaA2lsHtS5HzuYhTkl0CHZmpT/0coO0UVS6AdrkCPFkC0am+ambea2GjOYuubmN9vG0/eNLl1s0K0XHnh53h8eXp6XBoD2L6D9Jwuqq6v3dnd3X9fr9Rmn0wmNRjMnk8kqSewn8wTFUTWqh+r9YwGTydzd1NTUbzKZkEqlkEgk4Pf7odVqv6jV6kA8Hl+nuGAwCNfgVcSeCjD9XI/xR2xM2ErbaeXl5RcUCsVyNBrNCAQCb2Nj46ZEIoHZbIZKpQKVU5xVWzu+OKzEcvgVkFtANvwMoYHzKUpBv06nIywWi5TL5e6pqanJ+Xw+jI2NIRAIwO12Q9lZQWSiNwuFry+w+O4O8hEPNmeDiDzuIGgMBqNLKpVm7Xb7NT6fP8RisX6y2WzweLxtKDrOIB3RYCsfRD4hQ3r0CqaeiBAebFsaNfPotGNkNDc3TxmNxqzL5Up7PB44HA7I5XLYDEJkIipsESGszQhBzLdiZbIXM47apY/Gc2XbR6TT6btI2WUcDicpFotXe3p6CBKFu3KmdfGD8vdwO4i5y/jxSY1pa91qxFBxuqgPvH0HLk6+URS28gEQSRHW59uwTCqZttXnYwNVR4oa6WHXYVHU24uJ1/fwbaQFa8lWpMdv4LOV9T1mrCr5qxNdt+uBlVnEHlzCcO9BvL/fAL/u1ELYUHl8R1buk5RuFEJWFEZMGNGz4BIfyg2pTpzc8S+0nN1H3BIe3fAZGjbeGuv8L5WMkmK/8AtkdLda3u0iOQAAAABJRU5ErkJggg==",0360268838,Trudoo
Emily,ecrosslandx@tuttocitta.it,"data:image/png;base64,iVBORw0KGgoAAAANSUhEUgAAABAAAAAQCAYAAAAf8/9hAAAABGdBTUEAAK/INwWK6QAAABl0RVh0U29mdHdhcmUAQWRvYmUgSW1hZ2VSZWFkeXHJZTwAAAJhSURBVDjLdZPda85hGMc/v+f5Pc8e2wE2QtiMyZh5K4RSpCkHxJnkSElOxJFy4kDyF3DopR15yUst2pRpJw4cSJLETCTb0mxre57f775eHPyevdBcdXfV3X19ru/36rojd+fwuZtt7n7PYQRnt+O4A+5kyaePaSAko19e3rm0GiAme3DaobV9Q2M0NDyK+1QRZDDDDX6PTlBOHPO4mWpkANjbvmFltG/TShqXteMZAXPLulrWffGCWmpLMXuOnOEvAO4L29uaePr6EyMjk7gZADalwh035/fYJJUkZXZULRDFxZi1G5toWVKPKrgbZo6qo2aIOeVK4O793rkAjqrxdWiMYq5ApVIhJCli2b2QJy4UWVRXg7nPAQBMDdFAkiQc3dGSyc/U4e7cevGBUCrwT/2MgqCGBkE0R2fve5IgiDoqhhBRKBZJJRvqnAARIw2B1MBzNUSFAuQciwwzI9WIVP8LgCCKVIQkKKJGUKvmDL5+4BFrPj5g29AAv4olujviix3dcm1GgRohCSRBMzvqpFVIa/9jdiV9tJ48Q01zG+W33bzv67nSc6AwkZttIaQZIBWjHJQ0KIkYy991sm7fMUqfe4luH6e2/yGrmhryHvn5eGphUlEkEZJgBDNUnGBKCM788UFKS5vh0IUZ75eXkbdo1fQMVB1NNbNghogh4og4Y7UNTL7pou7JWZLyTyaB8bE8mufH9AzI5di+cxMeRag6oo5V8+iWE7x71UVj/TzifIHxYWFgMFLHr08Bep51vTqV/bxZ+4+Dw3NfwX7byuZvPTSkYPncd8dvHOyWq38AFgvYQWlFsCQAAAAASUVORK5CYII=",8837137230,Gigazoom
Janina,jmoley@cdbaby.com,"data:image/png;base64,iVBORw0KGgoAAAANSUhEUgAAABAAAAAQCAYAAAAf8/9hAAAABGdBTUEAAK/INwWK6QAAABl0RVh0U29mdHdhcmUAQWRvYmUgSW1hZ2VSZWFkeXHJZTwAAAHpSURBVDjLhZNbbxJhEIb3T/RWw78g2fjLvLE2ppe1TYNtvGuNRo6BcA4kIBBOgXCU3QXploCAmNQE/VY55PWbj7CWcPBibuab95l3ZmelZrOJRqOBWq2GarWKSqWCcrmMUqmEYrF4BEA6FFK9XsdyudyKfr8vILlc7iBEos4k6PV6orOu6yaEctwF0un0XohElqmYulGiUCiUptMp5vO5yBMwm80ikUjshEjUdV3IxX+45Z5hGPj29RcykbF463a7SKVSiMfjWxCJOq8tLxYLkPj72MCbEw3nz1WkwytIp9MhF4hEIhsQic/IJpOJKJrNZqKz7aWGm7Mu3l/quDppmxBN08gFAoGACZHy+fwzPiMbj1dFSvVBdL49v8PHq/stiKqq5AJer1dABCWTych8RjYajURRu/EDtmMV7y7+QWzHGj4FV++tVotcwO12H5mzJJNJmc/IhsPhFuSDTcfb0w6uTz/zr7MQLkKhEJxO59ONjfL55FgsxgaDgQm5fKHg+lUbtxdt/Jwaj8UWc4THEY1G5XA4zOgSxeLqD7h5/QW/jbkpdjgcFnOJu44jGAzKfr+f0SWuPzGJeX5DvBdA4fP5rHzTjA5MUZSd4oMACo/HY3W5XIzEdrvdsvOU//e78q5WLn6y7/0viZYv/mL7AwwAAAAASUVORK5CYII=",1516461096,Abatz
Husein,hcliburnz@upenn.edu,"data:image/png;base64,iVBORw0KGgoAAAANSUhEUgAAABAAAAAQCAYAAAAf8/9hAAAABGdBTUEAAK/INwWK6QAAABl0RVh0U29mdHdhcmUAQWRvYmUgSW1hZ2VSZWFkeXHJZTwAAAJ/SURBVDjLpZNLiI1xGMZ/3/edOWZojjkiudbMuEVMM4SMBVlbSUpZyAIhG4qlkcJWycZOSslCMTNFuYVpRrkzLuMy5tA4xulcv//t/Vt80ZTLxltvz7N43vd5F+8TeO/5n0r9JNLTs9A7t8FbO0WsfSvWdtdv2VIAKJ45kxWtt4rWh5xSQ6LUyeldXVcAAu890t29zzt3hPp0ljBCyiVMofhMjNkmWldE64t1U5qWTpjXiiuVqDx8RDX35ZxTalfgrl7d6K2+HC5cQBBGYAyk05jhYWrPX350WpcbWpsX17e0QGEMwgiasnzv7eX7oyfHUmLt3mjWTIJqFXJfwAlYS13zHKKV7XN9rInqG6D/AYgkBo0TyXSuId/Xvz0lxiyJMhkYegfGghdwDl68JpycgSiAwTeAgLYJ5scIWgUXx5mUGJPGOYgVKJUs0CZZMpIDaxNnEfAOlAFxYDSilKRE66K3dlpgDcQ1sC4ZtjbB8dxacBZSIYQhTqkwFKWu28FBmD0TKmWo1SCOwagEdZxgrZYYlEowv4X8jVuIUudDp9SJyodP7+NPI9C2FNJRIipXk4FqDVQM1QrUhbB2FYXRMXJXusdE667Ae0/++PFlotTZhmzjiknLlxOO5mDgCQRBcnq1Cm2L8M3zGO3p5fPte0/FmN0d/f13gp+v/Pnw4clOqQOi1P5sR1tj46wZcPceFMuwdjXFbwXen7+gRevTYsyxjoGB/K9PHF/vduxY4ZQ61dQ8d/XUDevBWfJ37jJy/eaQaL2z/f79a+P1wZ/C9Grz5ian1FHRek92zozg68s3l0Trg+19fUO/ib33f+3H69ZtetjZuf9fmuB/4/wDFoO2ZVesLdkAAAAASUVORK5CYII=",3248954299,Blogpad
Celeste,cgarley10@trellian.com,"data:image/png;base64,iVBORw0KGgoAAAANSUhEUgAAABAAAAAQCAYAAAAf8/9hAAAABGdBTUEAAK/INwWK6QAAABl0RVh0U29mdHdhcmUAQWRvYmUgSW1hZ2VSZWFkeXHJZTwAAAGxSURBVDjLpVM9a8JQFL0vUUGFfowFpw4dxM2vf9G5newv6OIvEDoVOnUQf0G7CEYQHVzUVZQoaKFugoW20EUaTd5L+u6NSQORdvDC5dyEd+499ySPOY4Dh0TEK8rl8n0mk7lOJBIpVVWBMUaJAzCFEMA5B8MwPpfL5VOlUrklonegWq3qEr+c/2Nbq9VWHs9XkEwm0xLUy/Lzn5KbD1exaDR6FlpBURSq4/E4HJ2c4jMwmYpcw6vf31be2bAHQTPVHYEFyAr7VeEACzfAQKPuSmlCy7LINBcteifSx3ROWutzlCAZ3Z9Op9ButyEWi8F8Poder0drXTQ1SNUeqalt22EFQrgvC4UC5HI5mow1EjA/SjdEjEQiYAd+HV8BF5xwNBpBo9EgBZPJBDqdDimYzWbQ7XapmeA8rIDLiRjFYpEm4zTEfD7v19lslhSgJ2EFXBAOh0Oo1+vk/ng8Bk3TyBtd16HVarkrCRFWYFqmrwAzqMDzBhMVWNaeFSzT5P3BQJXI3G+9P14XC8c0t5tQg/V6/dLv9c+l3ATDFrvL5HZyCBxpv5Rvboxv3eOxQ6/zD+IbEqvBQWgxAAAAAElFTkSuQmCC",7518215330,Vimbo
Amil,awhitmell11@quantcast.com,"data:image/png;base64,iVBORw0KGgoAAAANSUhEUgAAABAAAAAQCAQAAAC1+jfqAAAABGdBTUEAAK/INwWK6QAAABl0RVh0U29mdHdhcmUAQWRvYmUgSW1hZ2VSZWFkeXHJZTwAAACISURBVCjPY/zPgB8wMVCqgAVElP//x/AHDKczMjBE/f/F8JvhFxDuBfIY/xNjQsH/P0A9ILgYqMfn/y8GCDxDtAmp/3+Dbf3NsAGoxw5uwi2iTYiE69kP1KMP9cVvhudEm+ANN+EsUI/i/99QP30m2gTb/z/B+n8z3AbqEQWaAAnXP8SYQDCyACM6Tx8bGCIyAAAAAElFTkSuQmCC",6881293321,Gigashots
Horten,hkeggins12@addthis.com,"data:image/png;base64,iVBORw0KGgoAAAANSUhEUgAAABAAAAAQCAQAAAC1+jfqAAAABGdBTUEAAK/INwWK6QAAABl0RVh0U29mdHdhcmUAQWRvYmUgSW1hZ2VSZWFkeXHJZTwAAAFFSURBVCjPhZG/K8RxHMZfdy5OnEEMhhuMJCMldVl0JcOV7Bb2K/+CRakbTOdOsSjWK2WRZMDiR1eK7sJEuYsv98P3/XkM93Uj72d51+vp6aknJP6+yO+z3U/azTGsDt2rQGb5NQBCiHxqz3tUU5LUUFm73uZCi7Rw4lQ1OdVVVUUfaupLa5pJChESud5YcT4e4RPD4TDEDfs8lNz4iRcG0pPxKB7WVp4VYgwMaxXC4JJD1PHb2ibLN7f0oSSEQROdfGL4GEaOLN84rojiJiACAgwfhyPPFsIwhCFaCed1ujB8cmTbSSN4cA5hsMNnuvHJs4UFPYxRqthhK2Hj7KlBkWyADJ9FKryUtA4hAZnE23GZHq65I0KcMTxe8WYvjgIDTKe0M9gboxOjwTsvnpYuD6BtgKl+pZmzUdUoUVDmMhgr9N/cP2kRvjgCZVaBAAAAAElFTkSuQmCC",3330085592,Brightdog
Swen,stennock13@domainmarket.com,"data:image/png;base64,iVBORw0KGgoAAAANSUhEUgAAABAAAAAQCAYAAAAf8/9hAAAABGdBTUEAAK/INwWK6QAAABl0RVh0U29mdHdhcmUAQWRvYmUgSW1hZ2VSZWFkeXHJZTwAAAI3SURBVDjLpZNNSJRxEMaf1XVVyA/8iH1fKdEKIzwpSIeCLmkRUaaXSsE6tB3qYLIQeTUMCwqEKNI6hJHRNamwEDSXCENKoaKNNjLCd9PDRuX7f2b+HUSzcLs4t2Hm+Q0zPBOw1mItkbEy6RiP9LSPnuhK19x6r6nn8MDBrlUBHc8iveFsN+rkOJ2nnhy78q+4ZbCp180ri7qFbmfjjb3L9UDH+MlMq9oXznHaNuVvgYjg3dwbJOYT/UKJkAIx0ucUlLVVOVWgJabiU4jPxPtpJBJU1bMqWpuFEFQVFhakgEbqhBKlkUyStUJCrEBVEQxmwfisEyPRgLUWp58e3xgKhBJ1znaoKh6/fYRbjYOBlSscuN5g62vrQSsYjg0j9T1VPnIu9ikDAISyOFUEtITS4sidxtCy+FpDSI2CSlAJYwj68ueIQoEYQixBEYTzwqBh9xLA+Ox2SlwYXazTX4QAQBAASJlZMP6cl/KK8nMLUF5agR+/fp7Zf3V3tVDgFLv1lRsqQCVmkx5SqdQcKTMAEFgyUsvdQ82kDFSUVIbcYhcKC2/egwhRWFAEqkH84wdMTU/7Qjk6cfHV/b8AANB8c99mGukk2bq1fFvm+uJSqAo+f/2CickJEcptGjn/8tLr98s+WM3Key7v2rEuN2+0proGYhWx5zF4yeTOFxcmx/5r5aV42D4y5n1LLvhi4NNg1vMWVhOnBQAAfWarVSgUNJKdri+YFmCIB0NDECMQStpvDKz1nX8D4+Fd1+gIFK0AAAAASUVORK5CYII=",6297354863,Katz
Gabriella,gmccuish14@theatlantic.com,"data:image/png;base64,iVBORw0KGgoAAAANSUhEUgAAABAAAAAQCAYAAAAf8/9hAAAABGdBTUEAAK/INwWK6QAAABl0RVh0U29mdHdhcmUAQWRvYmUgSW1hZ2VSZWFkeXHJZTwAAAIbSURBVDjLpZNfZNVhGMc/7/v7nTq1P9Vkso0kJy1ZjZWZ6CKTlMW6qYmUFNkuqpslYnSxXYwolXURXdRNTRszRU2aWTRbaTctUs1pSjSn/M7vvH+eLn6nsYixh8f7PK/3+fD9eh8lIiwnNMuMZQNCHtb/R4MH48EasB5MAaxL7hxQEIghBCDT9s+sX5zOg3NJbVyxtvDiQREAkMuC94grPrAWcRaMRaxJemMQa8EaUpVbIZK/AAERaLiESpUhU7cR59A7ToONcMPn0QeuoVJp7EgP8mUSjCkCrE20iYdUOTLehWq8gnIx/vUtcB69ux3Mb8xAB0HdUeyniQWAxpgE4AV0CKUbwVtkfhbd1ImuP4WfeYJav4XwyB3851fgE4nEQkiUT/R5jwLU9hPIhyEorcY9akPv70Vva2W4r5URX8J89AsTaZrjrxyLhZDYJjTvwRv8xHX0rgvI+yGC1nvgDIODXUxVrGNvbQM1FRlGph8z8O4l38sDlPRUCTuPI/xMXLcWMYnTYhL3z87lOXzwEASaltoOep+dIUDT3z+IJhIwBpVPo/Or0PFqAlNCYMsJZS2hVPAt94OUKqWltgOAi/v62FxZR0FBSCTw/P7Cz8IJFBafueo009kx3mRH6Wy+S/fTk6SDlawQUEvZxsb2qqs1m9ZcbqrbQ2ZDPTNzk4y9HWX243yvWuo6N7ZXdQPngDIgB9wcv5Ht/APUTCZid72ZzgAAAABJRU5ErkJggg==",0623608758,Buzzshare
Trudey,tchatin15@is.gd,"data:image/png;base64,iVBORw0KGgoAAAANSUhEUgAAABAAAAAQCAYAAAAf8/9hAAAABGdBTUEAAK/INwWK6QAAABl0RVh0U29mdHdhcmUAQWRvYmUgSW1hZ2VSZWFkeXHJZTwAAALqSURBVBgZpcFLaFxlGIDh9z/nTDJJJsmkM5OkOMlkSklT6w3FSxW0XooibioUKuK6qKBYXbgsqMULdFnRrWBd6KLSIBYjtcZaDW1C0zSxbdoG2lyaS0OSzplzzv9/nxNQEd0IPo9RVf6P4Pn3+rPFfOaHlsa6ImpABaeKSxKiKCFJEuJqRBRF2DDCVUPisMry/M3pqfHLTwWl9ubR7du6iuWODawTVdY5UUQUp4pzghPFOYcTJXGOMyPnNxyPVsaD23JNxUKjz4WpWaxznB69ykP39TE0fIF77ujGJsLwuats3drD4OAoXT3tOCf0FlspdG5sC4wBUSXlG5bWhIo1VFyKpUrC96cu4pwg6hHTQGTqWFxYoVRsw4pgjMHs/+ykejbEE8V4Ptvv3cLNuA4nghNFBKwTrAgtQYWBgSGitUVsnDB/fYXgl7Gpl/oK+n6utckvFIodfl2Dmb44zvTsIrF1WOtwTkgc7Hz8ATbfvkkmx1ZHZ1ZX5NL4rweNqrLu1YNHP3/wrvILfZtKtGYa2dLu8XefHD1LurGB+YU5Tg+N9h/+6OXnqPGo2f3Oke5cNrOro5AjdpCp51/y2WYmphZpy+ZIZfIP8wdvx5tfmHBp+cu+ckcaE4DxaEkb/qlj/Cse/eZFej64m93Dr7V9+MSd31JjVJW3Pj3hnry/15tbVcqdzTyyOUPg8ZdrRw6xdPIwvY/tor68jfDsMcZ+/E6XJ86/HlBTjcWbWVhmcuYW1SjPwKkxwmqMdUKUOHYOHOCZvftITx6HE+/S2JqlXCqZM7/pGwE1NklInBBby8TlazhRrBXEKdYKLWs3SHeW4dl9/CnYvxFfTE9ATTWOCcOYrnw9zgaIKuIEay2qKcLmHJWRfpq+foUonKUCrK74OJ/pgJorI+cmKjfm+1LpJsRZRARJHGpjxCqp7A7yPw9SyjUQ+ClW5y1X5jxV5JBRVf6Ln/Z0v31raXqv70zJ+Xpd4eOnj9kDvwPD/42l5s+BKQAAAABJRU5ErkJggg==",5169630166,Viva
Constancy,cfernandez16@wikia.com,"data:image/png;base64,iVBORw0KGgoAAAANSUhEUgAAABAAAAAQCAYAAAAf8/9hAAAABGdBTUEAAK/INwWK6QAAABl0RVh0U29mdHdhcmUAQWRvYmUgSW1hZ2VSZWFkeXHJZTwAAAHMSURBVDjLxVNNSxtRFD0jEYqgBCMU00bEWFsqSNoi1EU2WiiluHEluuumfyH0B3RbuvQHCIpbaaFSxZULQYMUAklJCQZDjUTyMfl48z5675t0AgqCuPDC5dw3M+/c8+6Z5xhjcJfowx0j9L/IZrMfPc/7QtmhaLbb7Xqr1SpTppvN5jlhlTBHuZNKpeQ1AvrgK20EZSqZTK7dWkGj0einrt+JaPM2R3D28/KU8LGb2wMRIPz8LZTSkDYVPKkgPQVB6Hm8lhaFXxeZwDwM1QNGdoWN0Zza2LUi5JqfKa1tTfzYz1R6LkxGB1E8d/Hk0RAKf+t4FhtC/qyG6fEwcsUqEpPDyBQuMft0xD5jhUJIOHu/BSlooFh2LTO/4I6SuwRHMQEm4hG8nIpg97iEnydl9EnpS5p/MYo3r6J0Vo33r2PoCIWl5DjaQmNlIU5rjQ/vpuxmDibkeTjffrkm+qCFP6UapOTOva6swAuQlKmespmJCHbSJYTslKnr4twYNnbzWJ6fuNG2z+tpfFpNYPvg1DZytg4rJjYgoLpT11rbCQdoug5YF8gVdkr7+OPoDKGOkBcZ14xc8devu/+AVamUP2BKTdm9ghfOvd/Gf3hhfpp0UP3EAAAAAElFTkSuQmCC",0929930649,Yabox
Pierette,pjills17@blinklist.com,"data:image/png;base64,iVBORw0KGgoAAAANSUhEUgAAABAAAAAQCAYAAAAf8/9hAAAABGdBTUEAAK/INwWK6QAAABl0RVh0U29mdHdhcmUAQWRvYmUgSW1hZ2VSZWFkeXHJZTwAAAJJSURBVDjLpVPNi1JRFD+Og58PAss3NSAUOS2SkJGQokCmlTCrERFBkP4GoU34HwwMBNLOTbPxaxvMclpqZkIDiokmWYih4uf7uE9v5z56j+e0aNGFwz333PP7na97TZRS+J+1e92Qz+dduKWQ+Bj3e7ibUdoo7/H8JpFI/DL6m4wZIPjEbrefBwIBp9vtBovFotolSYLhcAjVanW5WCxeJpPJkg5iBExyuVyoXC7T5XJJCSF0tVrRyWRCx+Mxnc1mVBRFimCayWRoPB4Pa7gdRoJgzuFwnPt8PjCbzTCfzwEJAIlAlmVAIIxGI6hUKtDr9WCz2byNxWIcw+78SSTl9/s9VqsVMAPmAOv1WhVNLxaLkE6nwel0gsvlYr15pROgU5jnebVW5qwoik7A9FKpxPqj6q1WCziOY+mHdQI8BFl0QRB0oCYssgZm2TQaDWC+qAf1MWqTMKbNhEUuFArqvWbXdA2jEVQw+lM2NlaGEayRPTv1A5EVbCqBvtgCaELF2IOLwWAANptNT5uBjaVIIoHQ3SM4uv8ChJUa5MLYg7Narfadjazdbus1bxEIEkiKBIIigs1kA+Hx9HLrJWaz2dB0Or3s9/uAbwKazSZ0Oh3wJj1g5Xdh78Zt8O4/AHktQ/fHN6jWP4qSRD5sPeVoNHqC53c4Z47Nm/VE2Sjw09uFW+6bcOA5UAlqV3X42m63iEQema7/xkgk4kJbCtVjrPMh6gLqXfHJbH/vDs+zJmKZ9U+nXw7/+kz/WsHXh2UiEvL57Oq5ZvsNyKLICFmyXRwAAAAASUVORK5CYII=",2735352900,Trilia
Libbie,lparsell18@sciencedaily.com,"data:image/png;base64,iVBORw0KGgoAAAANSUhEUgAAABAAAAAQCAYAAAAf8/9hAAAABGdBTUEAAK/INwWK6QAAABl0RVh0U29mdHdhcmUAQWRvYmUgSW1hZ2VSZWFkeXHJZTwAAAJ5SURBVDjLpZPNS1RhFMaff2EWLWo5tGnRaqCFRBAM0cZFwVSQpVHNQAWVMQwaSSZWtimLiKnsO5lEjKzs4y1zRK3oItfMj1FnnJkaUtNrjo45H3eejpCKNa5anMX73vs855zfOS9I4n9i2SHbCpvph8q8A9PNcCzcz76EM9EETj+DmmqENaeBiJ3mRyuzQy5mwyVMKqiFbzNN0MxgKZOd2zj5GMZE/ZL5ooHZAntGW89s7Bw5Ws25llWcfQHrzHPYE/51ZOQ0M4Fiitj4UQdbzhZSb+FJ63ZypJqp7p0UsTf+FN6kvoMMl3GmNY9jj+BckcF8/HoFldLzpZIqxhthJPVdkr2cifdb5sXefyAKLFvyzVJJAssisIxstILZ0DEyeJzpHifHfNBGamFZ+C9yC7bhG7BBxCrZZqWQpoiNP6S1TMBFDh4gA0VMdxfy+0NosftQX+8gGKkBY741HLoGhbnXUOZwKTn+gGa4nOlBN9MDxdJzCTmwj+wvEKPDTPUc5Zx+kOk+NxmqZOJTIXsviYGQVgKLAos/n0CbbIAS0ir1eY9kF4O+3UzpBYzehhaugQpdR3DwKth7EeyqEoO/oYzXwyKwDDN0ipme/VKFi0l9L8M3oYW8SwxWnIKI1XT7Vqb6i/ntLoLTHdulhROcUJsZuJJjCsvEPpyf8m8io5U0VB6FtFNIe6da84XFEcYaNrDzLDw5DUZ9cEwqm6zxGWYGPBTShogtQtoerV0rLA5JKy5+ubya7SdzbKKMyRG7ByPeIfvebKfAWszUdQFavKOI0bqNbCuF4XfneAvzIaStQrpOxEpIL746rQKOD2VQbSXwtLiXg/wNTNvAOhsl8oEAAAAASUVORK5CYII=",3152492421,Ozu
Lucius,lthorneloe19@constantcontact.com,"data:image/png;base64,iVBORw0KGgoAAAANSUhEUgAAABAAAAAQCAYAAAAf8/9hAAAABGdBTUEAAK/INwWK6QAAABl0RVh0U29mdHdhcmUAQWRvYmUgSW1hZ2VSZWFkeXHJZTwAAAKESURBVDjLfZNLSFRRGIC/O3Pn1cyUlLXIlB6SQrXo/YSiRSQDualVUFZE1KJtrTKHIloEbQpqYUW4DipSehBIYWr00MIs0ckUR6Z8jqNz7/nPaTEqI2E/HM6D833n5/znWMYYZuLglUZz4lApTT+H0MogohHRaNEopdmzZgm36z7w/vZha4axyQstgtYG5U6DKteLyjWlDKIkH8GTP5k9zRWUI6xzP3PKuYvrCK4rOeH/BFoJExmX5dEAriMcMK/YER6gaKqb4kUh0pksIv/NQOKt7YMUBmzWRydYa36gl+8mZjWxLOyn+WMfWkl8XkHj9YrqL99T8ea2JLtohTWVSOFWNjlNtHz6SXtnMt5RV1Wdz1jGGHi4O4THW4bBC3ChM3bm/Op3pws3H0dcm8CvRzz8oJ9UlSZqyG0BNZXi5JvenODBtj4WlxcZLDAGjEaW7SRrr0Cnf+NVIwQyP7CmhnJJiwvpATxjw8dygmvFh1CmTu87G5HSI+ixFGrsN3o8hc6MYJwsGI3lX4AXhd3+lGBP12PCvqPW7EO6VFSK5qneXlmWLalEhpNIZhidGcVMjGEsQ0ANEfn4Ukirau4lr869xHh/FxHfFs+3hkf2yFeMdjBTE5hsBq0msX02kY7XQzimYgb+pwpcTKQpWPjCM57AKBeUC1rAne79dpo7/S/mLSMA3mBMCspzQ58i6B3FEypAdABZvLSEmvIN8wtqd4Qw1n6JrCTYXU/0eW3Xgrf196OpZgLecdTCVSBWbH6B6L0SXhHyPbuMv6XlLsps5FbfCd9Ab0X407N+MzkJrpkjmPMbGR0p8n5P9vDHOUftYMPs+o1EAxfL1gU7224ibMtH/gIKIWcO8vV/HwAAAABJRU5ErkJggg==",1225044049,Trudoo
Care,ctorr1a@sitemeter.com,"data:image/png;base64,iVBORw0KGgoAAAANSUhEUgAAABAAAAAQCAYAAAAf8/9hAAAABGdBTUEAAK/INwWK6QAAABl0RVh0U29mdHdhcmUAQWRvYmUgSW1hZ2VSZWFkeXHJZTwAAAJ8SURBVDjLpZB/SFNRFMftj5IiW9saIQjGQrBiUagEFWLDydrUhAWzNNuWTZ1oKIUzf4RlzZY6sWyrLZXhfFszQ1eac2SQkYWW0yH0l1AWITSw1IXK+/beK0RBptCFD+fcyz2fc+4NARDyP6x5qInbVVEn5sw2SHdCL2ahQsiey4jhVW9IkBPDKbmfyibN6Rw8oLgrY0MnYaEofgcpPcitWldglLLQQhXqqSKdlIaNm8k8XDnBQWYMa2ZdgS5+O14YyzHVq8eQpQiFCTwUJ4YjX8SH+hh7wapNCQ0qMGdF/gh8/4SZN0Z87a+H13ENk89vwz85AiJ378xYq2ZLUEFjxv5B//t2TA87MT9KUNiZ3D9C4KFKMBz0Cbults1RxzVWoiAWv4ctCPieMsx/tKHzciwE8blPeCLz1jUFPAkRyhW35UWIPfB9noWjLBX2shQGOn898QsRSS/BET66xBWatq0ScE86NoUlORSRyYOYmJpH2xRQ7APy3gEXXgHnewCtsxPFRgXU9acgvyEMiEsOVS4LDsia0xJP6+EcWoLJCxS8JZE7QCK7j0RWFwmlmUCVU4lnviaMfnPD0K+B3CDAkfzwWkbwoTx6adqlxb1mFxS9VFeqo7KbxLkOEmdsVKyRoGu8AV0TjaBXreciDJ4cWhBgBN6KfaTffR3p6hZU988howM4aycht5KQWUgklx1Gj8+Clat7rIkW/P2IcWtB6Uhp1KJSeWsxTjEAJTW6agVHC/m441ZB51Ywxbo+xeoJaCbteWGVV6u5e9JcpsiE1i980eM5flLHAj/RuSCQZy7KaqNR585mOtOR3i//wUagLtdQ/KTH/hdr6PM/RhGjA91Gi1AAAAAASUVORK5CYII=",4694519115,Youfeed
Katina,kbossons1b@51.la,"data:image/png;base64,iVBORw0KGgoAAAANSUhEUgAAABAAAAAQCAYAAAAf8/9hAAAABGdBTUEAAK/INwWK6QAAABl0RVh0U29mdHdhcmUAQWRvYmUgSW1hZ2VSZWFkeXHJZTwAAAGaSURBVBgZpcG9alRRGIXh99vnKIGgrbaCl5BOC2/BJgi2NmIlFoK9oI1CIJ39kInxhxReh1VKCZmfQkiVTOLs863l7GAau5DnCdtcRzx+ufPi4aON98cLr9uAhCVSiWVk4Uxk40xS4vbNenpwMH395cPmdr/xYGPrxtp6ubPGVayfLnIL2O4X1WVxfMJVnVUXVnqnefv0Plf17N0hTW+LZjkkBiyTAmEkkxI5mBxMWizT3Lt7i1TS9Ng0UYKwcQkcJhSUEkQUIpLoTKdCP5hGQ9L0qaQpgCMgoDMoQDKdoURHH5BhsohGKZpimdFoxGQyYXdnh9nREXvjMbPphO97u8ynE/a/7jKbT/ix/5nf8zmj0QgpufDq0083g+RB8iC5Zrpmepnp80z/qdVny+rFsvrkvLp58uabV+iHWrkQQQC2iQjMik1hpRQ6IG1KmGaoA03vFE0HmJUIsGkigksCuggs0Vii6SVxKYBgJYL/dfzTdTSyafrpr8Px8491U5koRWYiiawVScjGSpxGFpaQaMashG2uo3BNfwFx+DLsFQ4W2wAAAABJRU5ErkJggg==",1385684674,Wikizz
Christye,ctolfrey1c@latimes.com,"data:image/png;base64,iVBORw0KGgoAAAANSUhEUgAAABAAAAAQCAYAAAAf8/9hAAAABGdBTUEAAK/INwWK6QAAABl0RVh0U29mdHdhcmUAQWRvYmUgSW1hZ2VSZWFkeXHJZTwAAAG2SURBVDjLrZNJKIRhGMdHxpTtwIUoRRxdlZvcJsuFcBAHFHGSSBKlbCUZOTgolLKXskyDshwsJWQLYx+DGcaSsWS+5+95Z5jQzJjirf/hfb9+v+d5l08GQPaXyP5NkFGnDuT0cF45cBENJ9KRYKRvdg9vFgmuxujSkZDscxR2AU/8OBaJCHdPhKsHgv6eoLslnJgIh9eEfYMErcEmr+hcEJKYr4KworYZ68dLBvV3hDOGj28IBx/wzqWELb1N0NC/IgQJDgXnDJ+aPmAjYe/KBm8yvK5zLrBvQbR/xFW1Rgm7DG9fSNhgeE0nBBaroLJ7UQhiHR6ikHwdopu1M8kq/nGI3s6u0fJ5ZR3qLbtIoyrARFoQpuLlGE70oZb0QM2vD4kl2guTGV3VmVgticXzWBNoWw1zbzGWC6NRk+o/7Qpuah/fFJ08DiX50RPDUCUBZQFAbTiMjXHoUyrIGRzBOeTkirlom1aGv53NbVUwJnndrfc+wJUeO3IAhl5KZTBxTvI9Maj0IrcErVkhcwt5UdCXhcNQ7oWDXA9MJctRn+I77/Zf15wdOtOvVEii7QGuzPCsWH8HCxz5pzmy7lQAAAAASUVORK5CYII=",8522910456,Devpoint
Conny,clamberts1d@fda.gov,"data:image/png;base64,iVBORw0KGgoAAAANSUhEUgAAABAAAAAQCAYAAAAf8/9hAAAABGdBTUEAAK/INwWK6QAAABl0RVh0U29mdHdhcmUAQWRvYmUgSW1hZ2VSZWFkeXHJZTwAAAJQSURBVDjLpZNLiI1xGMZ//+98Zy6G4zIJkyg0xEyWLlkMC6JkIYoke1kQUrKwsJGFlaVLsbBAuYSJBTEJCTkZQ8clJsYxx5y5fZfzfx+Lk8swbDz1rt635/319rxOEv+j4F/NzzeW5Xval/5zg5NE6c5yyYSkRZhmybRK0ra6prVIYujNBWS6JLOrMnWYtw6ZxszY+Ng5SfTeblNt01oqpTxB7WTCCQupm7oCMmMBQ2mJ6FMHUc8jkt4X1E9v4+vTk8zc9NSFADLlou728sTFx0GGfD9p3z3C3BKcC0l6zpId00LN3C0gT/H+Yczbyh83aGy71W/pIMhIi+dIi1ew6C3IAGHxR+LuMwy9PAAy4t4CMnsIEH4/hkxVXJ+ApeAMG+7AZVLko2pVYpAnyOaoDJWnAaWfBt5AAkuQT3GBB4bBpTjFoAgsrhJ5j3mzPwlUJZBSUAaIgBgRI58iHyMZmEPesiNyIG+YxQT1s8ESkIcggaBKISUgQIaP+7GKlUYamB0tPz9FOH4xLjsJFzpcmOLChKBG4FIaFhyh72U7cbn4bN72wvsRBk3rHu4cfHOdctdZaqasJ6hvIKhJceEgmbEhDc2HiHry9HXdwCfphlGjLG+TBwrXGChcJ9u4GRfOwQWDZBv3ERW7KHVeY/jzuw0tu953jojyr3p9umV+kM3lc82ryc1fQ6a2jnLXTb48uczA2/y61t0fLv7xC7/r1Yl5U+RtRxA27B/X3EbxwfmCTypbW/d8uDvqM/1NncdmTfJJ5aAllb2te7uHR5v5BtnsZt4skcPVAAAAAElFTkSuQmCC",6092721376,Jaxworks
